timestamp,ear,perclos,mar,state,drowsy_score
2026-06-29T16:51:34.481110,0.40286415548143073,,2.915638025470894,DROWSY,10.0
2026-06-29T16:51:34.828269,0.39755980245352573,,2.7846090149445213,DROWSY,19.7
2026-06-29T16:51:34.986075,0.3946680579857356,,2.8626890189497503,DROWSY,29.4
2026-06-29T16:51:35.149068,0.3920676269291712,,2.781777217823409,DROWSY,39.099999999999994
2026-06-29T16:51:35.305347,0.3891424861578601,,2.837265565502524,DROWSY,48.8
2026-06-29T16:51:35.468234,0.38608775129398654,,2.8348209330936034,DROWSY,58.5
2026-06-29T16:51:35.618210,0.38208762210720243,,2.8446075886489064,DROWSY,68.2
2026-06-29T16:51:35.776896,0.3762779784758244,,2.8132496725238765,DROWSY,77.9
2026-06-29T16:51:35.926442,0.37058552966151,,2.8444166701899816,DROWSY,87.60000000000001
2026-06-29T16:51:36.583122,0.36621942251224376,,2.875052595333117,DROWSY,97.30000000000001
2026-06-29T16:51:36.776416,0.36549347373400665,,2.850726187421586,DROWSY,100.0
2026-06-29T16:51:36.930628,0.36631697310036326,,2.846149462667367,DROWSY,100.0
2026-06-29T16:51:37.087974,0.3682031202157797,,2.9050569867254508,DROWSY,100.0
2026-06-29T16:51:37.236157,0.3706288675009697,,2.895916863417505,DROWSY,100.0
2026-06-29T16:51:37.390862,0.3737339379346383,,2.915119129445488,DROWSY,100.0
2026-06-29T16:51:37.547563,0.3766970783092485,,2.8782000119719284,DROWSY,100.0
2026-06-29T16:51:37.703343,0.3791090820897956,,2.8118183906475274,DROWSY,100.0
2026-06-29T16:51:37.861148,0.3824826255078705,,2.8731862155347225,DROWSY,100.0
2026-06-29T16:51:38.010749,0.3863854698060465,,2.8707125557807194,DROWSY,100.0
2026-06-29T16:51:38.681906,0.38963026498863607,,2.9108960420941448,DROWSY,100.0
2026-06-29T16:51:38.868207,0.3915708210408693,,2.9053636248389743,DROWSY,100.0
2026-06-29T16:51:39.057084,0.39264231933030175,,2.870305540853563,DROWSY,100.0
2026-06-29T16:51:39.216626,0.3939491900203134,,2.9558747776517182,DROWSY,100.0
2026-06-29T16:51:39.380392,0.39572100375415636,,0.9269768892551955,DROWSY,100.0
2026-06-29T16:51:39.538202,0.3972036179986171,,1.395023088915561,DROWSY,100.0
2026-06-29T16:51:39.692549,0.3985074888639769,,0.753031433248875,DROWSY,100.0
2026-06-29T16:51:39.864627,0.39999351276594064,,0.7353726827143485,DROWSY,100.0
2026-06-29T16:51:40.031592,0.40137782217137374,,0.7560038205816593,DROWSY,100.0
2026-06-29T16:51:40.690192,0.4019644570130474,,0.8100216938631936,DROWSY,100.0
2026-06-29T16:51:40.891162,0.4005931351793554,,0.8093763840901632,DROWSY,100.0
2026-06-29T16:51:41.050007,0.3983876791812226,,1.163031600846832,DROWSY,100.0
2026-06-29T16:51:41.201149,0.3959400937777031,,2.564312621964388,DROWSY,100.0
2026-06-29T16:51:41.368007,0.39294021653061034,,2.6963417698755983,DROWSY,100.0
2026-06-29T16:51:41.526566,0.3895237075346919,,2.8600912573757844,DROWSY,100.0
2026-06-29T16:51:41.681942,0.3865008850310376,,2.845092794116967,DROWSY,100.0
2026-06-29T16:51:41.838590,0.38349589007593277,,2.8295647925577327,DROWSY,100.0
2026-06-29T16:51:41.993922,0.3800186062296442,,2.8017913953117706,DROWSY,100.0
2026-06-29T16:51:42.146954,0.3775481181829491,,2.784841807368559,DROWSY,100.0
2026-06-29T16:51:42.813707,0.3757012022483641,,2.79920671236076,DROWSY,100.0
2026-06-29T16:51:42.995424,0.3752605185075377,,2.7966207671693937,DROWSY,100.0
2026-06-29T16:51:43.146172,0.3757515949622266,,2.8211510413295624,DROWSY,100.0
2026-06-29T16:51:43.308526,0.3768978021004639,,2.7984531163654727,DROWSY,100.0
2026-06-29T16:51:43.471066,0.3792987323324739,,2.7871320449034087,DROWSY,100.0
2026-06-29T16:51:43.628627,0.3818592722605174,,2.7579685579574678,DROWSY,100.0
2026-06-29T16:51:43.783197,0.38431795147250986,,2.7930977634048104,DROWSY,100.0
2026-06-29T16:51:43.932196,0.3866595159647115,,2.76062902591602,DROWSY,100.0
2026-06-29T16:51:44.092598,0.38908540393273544,,2.8113920710987985,DROWSY,100.0
2026-06-29T16:51:44.249211,0.39163170447570833,,2.8308898208304587,DROWSY,100.0
2026-06-29T16:51:44.915908,0.393927134792839,,2.8344817350239166,DROWSY,100.0
2026-06-29T16:51:45.106564,0.39045158901249855,,2.8298870932840687,DROWSY,100.0
2026-06-29T16:51:45.265414,0.38597991757944816,,1.3214564921033696,DROWSY,100.0
2026-06-29T16:51:45.416394,0.38125044756640264,,1.1156536674681876,DROWSY,100.0
2026-06-29T16:51:45.579447,0.37648884578484376,,1.1003610225241889,DROWSY,100.0
2026-06-29T16:51:45.734470,0.3715813791069852,,0.9437374614246844,DROWSY,100.0
2026-06-29T16:51:45.891111,0.3665030911223743,,0.9446467444898851,DROWSY,100.0
2026-06-29T16:51:46.047815,0.3620948115440253,,0.9567860411184882,DROWSY,100.0
2026-06-29T16:51:46.205456,0.35789820827396374,,0.9515167393972506,DROWSY,100.0
2026-06-29T16:51:46.362225,0.3547277399929663,,0.9035235910049646,DROWSY,100.0
2026-06-29T16:51:47.024964,0.3514853259778853,,1.0461659982434774,DROWSY,100.0
2026-06-29T16:51:47.232792,0.348310418813026,,2.4566730980934426,DROWSY,100.0
2026-06-29T16:51:47.393281,0.3443036123523331,,2.69227029792235,DROWSY,100.0
2026-06-29T16:51:47.549123,0.34237217505258716,,2.7973627429746575,DROWSY,100.0
2026-06-29T16:51:47.696390,0.3417724921018345,,2.8647689238397294,DROWSY,100.0
2026-06-29T16:51:47.858116,0.3425224060335582,,2.800364651873721,DROWSY,100.0
2026-06-29T16:51:48.014670,0.344337382623493,,2.83618524161307,DROWSY,100.0
2026-06-29T16:51:48.177658,0.34503913836893185,,2.7999691466393872,DROWSY,100.0
2026-06-29T16:51:48.324152,0.34562464006066745,,2.7737348895972502,DROWSY,100.0
2026-06-29T16:51:48.480435,0.345935445116664,,2.7640904100497314,DROWSY,100.0
2026-06-29T16:51:49.143726,0.346698677292683,,2.777385527264604,DROWSY,100.0
2026-06-29T16:51:49.337696,0.34887980858373846,,2.7752401612536675,DROWSY,100.0
2026-06-29T16:51:49.486699,0.35247838485512867,,2.783538094705575,DROWSY,100.0
2026-06-29T16:51:49.642319,0.35651710106803475,,2.7698134611678404,DROWSY,100.0
2026-06-29T16:51:49.800421,0.36128567970143177,,2.7802737517091223,DROWSY,100.0
2026-06-29T16:51:49.947314,0.3657206331415665,,2.765858762428751,DROWSY,100.0
2026-06-29T16:51:50.109047,0.369987719431339,,2.7987023571262397,DROWSY,100.0
2026-06-29T16:51:50.265174,0.37366285147345396,,2.766040272735037,DROWSY,100.0
2026-06-29T16:51:50.421165,0.37712584592987597,,2.8004238625319537,DROWSY,100.0
2026-06-29T16:51:50.576250,0.38036349709493567,,2.821209903653971,DROWSY,100.0
2026-06-29T16:51:51.237611,0.38346216788179854,,2.795344755640574,DROWSY,100.0
2026-06-29T16:51:51.458826,0.3861362415821112,,2.7623702823222995,DROWSY,100.0
2026-06-29T16:51:51.619027,0.38814368226411594,,2.7926979009551904,DROWSY,100.0
2026-06-29T16:51:51.770900,0.3905907925402647,,2.7642433711276846,DROWSY,100.0
2026-06-29T16:51:51.926313,0.3928886952316954,,2.7811202525093646,DROWSY,100.0
2026-06-29T16:51:52.075321,0.394558502209339,,2.834566496071508,DROWSY,100.0
2026-06-29T16:51:52.229878,0.3958385014600805,,2.8538161255709253,DROWSY,100.0
2026-06-29T16:51:52.380174,0.39715852513364813,,2.796929780210282,DROWSY,100.0
2026-06-29T16:51:52.527485,0.39803150877254057,,2.7802736244106017,DROWSY,100.0
2026-06-29T16:51:52.680894,0.39860404694042256,,2.7396113680626732,DROWSY,100.0
2026-06-29T16:51:53.330793,0.39914761378652436,,2.8003258426933035,DROWSY,100.0
2026-06-29T16:51:53.519101,0.3992957927687991,,2.7916381587749393,DROWSY,100.0
2026-06-29T16:51:53.670524,0.3992799128018868,,2.8266717135693566,DROWSY,100.0
2026-06-29T16:51:53.821119,0.39912984665745954,,2.7863236106157587,DROWSY,100.0
2026-06-29T16:51:53.970637,0.39880306225584805,,2.7746198219030545,DROWSY,100.0
2026-06-29T16:51:54.127284,0.39882175078163296,,2.829992981343998,DROWSY,100.0
2026-06-29T16:51:54.282080,0.39889640737601434,,2.818998170147301,DROWSY,100.0
2026-06-29T16:51:54.436755,0.39923231067600545,,2.8323277349698976,DROWSY,100.0
2026-06-29T16:51:54.583151,0.3994971547000361,,2.8075466651394283,DROWSY,100.0
2026-06-29T16:51:54.741522,0.40012258558026526,,2.7984872965472043,DROWSY,100.0
2026-06-29T16:51:55.403263,0.40100641407257676,,2.8019646398809996,DROWSY,100.0
2026-06-29T16:51:55.601377,0.3990816822860405,,2.805116325452437,DROWSY,100.0
2026-06-29T16:51:55.751766,0.39570735558738285,,2.8315107876780177,DROWSY,100.0
2026-06-29T16:51:55.916157,0.391715172350884,,2.829820569784387,DROWSY,100.0
2026-06-29T16:51:56.065852,0.3883672156415382,,2.845606028514287,DROWSY,100.0
2026-06-29T16:51:56.220560,0.3858721960471307,,2.8381541261863186,DROWSY,100.0
2026-06-29T16:51:56.378000,0.3837057935315397,,2.76997625576873,DROWSY,100.0
2026-06-29T16:51:56.536417,0.3778133586939207,,2.8238150932172026,DROWSY,100.0
2026-06-29T16:51:56.693325,0.36784609312056327,,2.8062770066600304,DROWSY,100.0
2026-06-29T16:51:56.852957,0.3540599430445923,,2.836751199971889,DROWSY,100.0
2026-06-29T16:51:57.522252,0.33857792110074764,,2.8923119422780337,DROWSY,100.0
2026-06-29T16:51:57.727197,0.3233099484360714,,2.855317885651648,DROWSY,100.0
2026-06-29T16:51:57.884343,0.3062560230409119,,2.7973947288197696,DROWSY,100.0
2026-06-29T16:51:58.046034,0.28997271555184273,,2.8266117992318756,DROWSY,100.0
2026-06-29T16:51:58.199305,0.27388515789887713,,2.796179008629152,DROWSY,100.0
2026-06-29T16:51:58.398613,0.25867992609617374,,2.838818615304626,DROWSY,100.0
2026-06-29T16:51:58.556451,0.24448327020100397,,2.7726823471148556,DROWSY,100.0
2026-06-29T16:51:58.714577,0.23221417641518902,,2.8212296719461736,DROWSY,100.0
2026-06-29T16:51:58.871331,0.22100116149112325,,2.8746349517540914,DROWSY,100.0
2026-06-29T16:51:59.534794,0.21165354857187688,,2.817295194864062,DROWSY,100.0
2026-06-29T16:51:59.738699,0.20253180199522383,,2.8191173038049055,DROWSY,100.0
2026-06-29T16:51:59.892591,0.19512580980254715,,2.8950922691401857,SLEEPING,100.0
2026-06-29T16:52:00.087432,0.18715565731645803,,2.831447448072837,SLEEPING,100.0
2026-06-29T16:52:00.251136,0.18016661319814187,,2.817836009341477,SLEEPING,100.0
2026-06-29T16:52:00.411097,0.17425050681285767,,2.83977814539994,SLEEPING,100.0
2026-06-29T16:52:00.571503,0.16921058208130674,,2.810339484215135,SLEEPING,100.0
2026-06-29T16:52:00.724987,0.16544491111563728,,2.835311252355353,SLEEPING,100.0
2026-06-29T16:52:00.878295,0.16188355618672312,,2.8244021606111636,SLEEPING,100.0
2026-06-29T16:52:01.550598,0.15834485650838492,,2.783870831191119,SLEEPING,100.0
2026-06-29T16:52:01.717969,0.15408021836633937,,2.9170890852290845,SLEEPING,100.0
2026-06-29T16:52:01.880143,0.15048251683564012,,2.8597224136891306,SLEEPING,100.0
2026-06-29T16:52:02.035464,0.14783466088473063,,2.799579707245678,SLEEPING,100.0
2026-06-29T16:52:02.192497,0.14560373245936795,,2.872327036279809,SLEEPING,100.0
2026-06-29T16:52:02.352891,0.14306199426559432,,2.8420176901430345,SLEEPING,100.0
2026-06-29T16:52:02.508863,0.140873265749313,,2.849086015982432,SLEEPING,100.0
2026-06-29T16:52:02.664254,0.13802252488918876,,2.8274371910443454,SLEEPING,100.0
2026-06-29T16:52:02.825928,0.13627285245736948,,2.8751531149440916,SLEEPING,100.0
2026-06-29T16:52:02.973638,0.13605487604321898,,2.83022623575588,SLEEPING,100.0
2026-06-29T16:52:03.632926,0.1358442068501682,,2.8362918410997753,SLEEPING,100.0
2026-06-29T16:52:03.831991,0.13553526911296204,,2.819519942120228,SLEEPING,100.0
2026-06-29T16:52:03.988901,0.13555089827662148,,2.816618302199245,SLEEPING,100.0
2026-06-29T16:52:04.156006,0.13584807790369732,,2.8485244431404024,SLEEPING,100.0
2026-06-29T16:52:04.306754,0.1360566064636337,,2.8259104120288834,SLEEPING,100.0
2026-06-29T16:52:04.463035,0.13579651952239388,,2.8699922128307027,SLEEPING,100.0
2026-06-29T16:52:04.617495,0.135861933795936,,2.852413581115379,SLEEPING,100.0
2026-06-29T16:52:04.779399,0.1357504981516948,,2.7991412214859634,SLEEPING,100.0
2026-06-29T16:52:04.933881,0.1355518563415375,,2.8153948555472783,SLEEPING,100.0
2026-06-29T16:52:05.090831,0.1351315794345996,,2.8905704618867425,SLEEPING,100.0
2026-06-29T16:52:05.767359,0.13612236676203082,,2.917271656551623,SLEEPING,100.0
2026-06-29T16:52:05.957896,0.1371584060678708,,2.8402331120811253,SLEEPING,100.0
2026-06-29T16:52:06.116584,0.13884109906625242,,2.775282688722543,SLEEPING,100.0
2026-06-29T16:52:06.274749,0.1401689620693602,,2.8331050721734314,SLEEPING,100.0
2026-06-29T16:52:06.442440,0.14060844055820182,,2.781949283703248,SLEEPING,100.0
2026-06-29T16:52:06.600826,0.1411174609155714,,2.8335039030055977,SLEEPING,100.0
2026-06-29T16:52:06.763394,0.14161117008449806,,2.7649185292784604,SLEEPING,100.0
2026-06-29T16:52:06.921242,0.14214796516609837,,2.7864724887653387,SLEEPING,100.0
2026-06-29T16:52:07.081778,0.14214345906824596,,2.8962773558264145,SLEEPING,100.0
2026-06-29T16:52:07.237571,0.14272711793392767,,2.8262863685703286,SLEEPING,100.0
2026-06-29T16:52:07.902995,0.14304420024241243,,2.856552382481155,SLEEPING,100.0
2026-06-29T16:52:08.108630,0.14283874257156065,,2.835966601171666,SLEEPING,100.0
2026-06-29T16:52:08.263248,0.14247232471136173,,2.842689631392293,SLEEPING,100.0
2026-06-29T16:52:08.422347,0.14182912528037733,,2.7937707032561394,SLEEPING,100.0
2026-06-29T16:52:08.579217,0.14213533736703757,,2.826188725755196,SLEEPING,100.0
2026-06-29T16:52:08.732994,0.14186425536348615,,2.8296973938966623,SLEEPING,100.0
2026-06-29T16:52:08.890500,0.14125112399783332,,2.7868681118910237,SLEEPING,100.0
2026-06-29T16:52:09.045039,0.14029058234531308,,2.8319752169042958,SLEEPING,100.0
2026-06-29T16:52:09.199422,0.13939721067851427,,2.8390840218587066,SLEEPING,100.0
2026-06-29T16:52:09.355182,0.13834064027981446,,2.8294514033589313,SLEEPING,100.0
2026-06-29T16:52:10.229065,0.1373879083532066,,2.862307882987128,SLEEPING,100.0
2026-06-29T16:52:10.381552,0.13723541581013926,,2.851750212770452,SLEEPING,100.0
2026-06-29T16:52:10.540285,0.13704497531020862,,2.8288663870991617,SLEEPING,100.0
2026-06-29T16:52:10.691260,0.13851766845966476,,2.8277911777178626,SLEEPING,100.0
2026-06-29T16:52:10.855797,0.14290185907567687,,2.8040054782654265,SLEEPING,100.0
2026-06-29T16:52:11.032587,0.14899618618696436,,2.894569864763601,SLEEPING,100.0
2026-06-29T16:52:11.297421,0.15926400773066401,,2.8408001707820993,SLEEPING,100.0
2026-06-29T16:52:12.023423,0.171111150416595,,2.794759119011416,SLEEPING,100.0
2026-06-29T16:52:12.247908,0.18563555151265743,,2.793015271142553,DROWSY,100.0
2026-06-29T16:52:12.465548,0.20167688282099802,,2.8182619962057456,DROWSY,100.0
2026-06-29T16:52:12.681034,0.2182175798953942,,2.876071004907171,DROWSY,100.0
2026-06-29T16:52:12.837998,0.233473348578457,,2.8603025763538183,DROWSY,100.0
2026-06-29T16:52:12.988744,0.2474789004598398,,2.805240989497505,DROWSY,100.0
2026-06-29T16:52:13.141889,0.2607684097119131,,2.829219408766579,DROWSY,100.0
2026-06-29T16:52:13.307950,0.2665217977736682,,2.8029975524882342,DROWSY,100.0
2026-06-29T16:52:13.461256,0.2724036498501413,,2.834057189168636,DROWSY,100.0
2026-06-29T16:52:14.117961,0.2773991755765502,,2.7677816428290254,DROWSY,100.0
2026-06-29T16:52:14.299538,0.2822942284491266,,2.755697731748708,DROWSY,100.0
2026-06-29T16:52:14.454673,0.28549737044905044,,2.7769920613599433,DROWSY,100.0
2026-06-29T16:52:14.610142,0.2870490637952969,,2.7811813641135497,DROWSY,100.0
2026-06-29T16:52:14.760337,0.2885349657642017,,2.8257186880542466,DROWSY,100.0
2026-06-29T16:52:14.913491,0.290041020025402,,2.808637103838235,DROWSY,100.0
2026-06-29T16:52:15.059144,0.2906774774181371,,2.7938796642453325,DROWSY,100.0
2026-06-29T16:52:15.220985,0.2924257132121216,,2.7849351396175934,DROWSY,100.0
2026-06-29T16:52:15.379125,0.2952391557845593,,2.795311670304734,DROWSY,100.0
2026-06-29T16:52:15.539060,0.298084470395333,,2.722017505059679,DROWSY,100.0
2026-06-29T16:52:16.194101,0.3018886879530491,,2.7376719503784552,DROWSY,100.0
2026-06-29T16:52:16.393178,0.3045633693966331,,2.541698432618748,DROWSY,100.0
2026-06-29T16:52:16.552490,0.30584570825338936,,2.7496688387807966,DROWSY,100.0
2026-06-29T16:52:16.709154,0.30767475056275745,,2.651706438151637,DROWSY,100.0
2026-06-29T16:52:16.880016,0.3112994190493545,,2.7029648691224817,DROWSY,100.0
2026-06-29T16:52:17.047150,0.31621208330474576,,2.7430963910923736,DROWSY,100.0
2026-06-29T16:52:17.203948,0.32083935285749016,,2.7459520408911944,DROWSY,100.0
2026-06-29T16:52:17.361979,0.325848223494366,,2.8381489247419727,DROWSY,100.0
2026-06-29T16:52:17.521275,0.3315064912270622,,2.768647002037411,DROWSY,100.0
2026-06-29T16:52:17.685589,0.33772590103872324,,2.0919330996976715,DROWSY,100.0
2026-06-29T16:52:18.346896,0.34396471641273085,,2.7940601239888596,DROWSY,100.0
2026-06-29T16:52:18.556105,0.3500281384251066,,2.7508024252041383,DROWSY,100.0
2026-06-29T16:52:18.711730,0.35579856404098026,,2.7928907480938334,DROWSY,100.0
2026-06-29T16:52:18.899940,0.36142726599028974,,2.847693066483933,DROWSY,100.0
2026-06-29T16:52:19.057275,0.36641414378065645,,2.891725008337815,DROWSY,100.0
2026-06-29T16:52:19.214236,0.36449489292259574,,2.8594987597680004,DROWSY,100.0
2026-06-29T16:52:19.375625,0.36123549655524,,2.7328947560225876,DROWSY,100.0
2026-06-29T16:52:19.530319,0.3589490993128121,,1.4566231918219443,DROWSY,100.0
2026-06-29T16:52:19.687879,0.35894992405193393,,0.8335078583652563,DROWSY,100.0
2026-06-29T16:52:20.346723,0.3607447132026156,,0.8170787445699378,DROWSY,100.0
2026-06-29T16:52:20.547601,0.35961903974920034,,2.5129580233870192,DROWSY,100.0
2026-06-29T16:52:20.711958,0.35894474356784767,,2.5655311165388213,DROWSY,100.0
2026-06-29T16:52:20.860845,0.3587424814251818,,0.8745187934908168,DROWSY,100.0
2026-06-29T16:52:21.012733,0.3588679728167741,,0.6828787499807841,DROWSY,100.0
2026-06-29T16:52:21.170453,0.35821588897865214,,0.6689644914604381,DROWSY,100.0
2026-06-29T16:52:21.332488,0.3551399479415974,,0.6068830224902719,DROWSY,100.0
2026-06-29T16:52:21.503382,0.3504857794395432,,0.6062145922334699,DROWSY,100.0
2026-06-29T16:52:21.660474,0.34478819869220734,,0.6313709392147386,DROWSY,100.0
2026-06-29T16:52:21.815593,0.33623199101860507,,0.6128062066878873,DROWSY,100.0
2026-06-29T16:52:22.479738,0.3258984564732083,,0.6169724840112787,DROWSY,100.0
2026-06-29T16:52:22.681690,0.31746889821849894,,0.6347824665397533,DROWSY,100.0
2026-06-29T16:52:22.836472,0.3109019739049792,,0.6876603676698615,DROWSY,100.0
2026-06-29T16:52:22.991300,0.3057123711928789,,0.8435798019931394,DROWSY,100.0
2026-06-29T16:52:23.148002,0.3016700375192283,,0.9657760387890884,DROWSY,100.0
2026-06-29T16:52:23.310888,0.29715463826369753,,1.094431680331785,DROWSY,100.0
2026-06-29T16:52:23.463670,0.2929179220812026,,1.2122059529249793,DROWSY,100.0
2026-06-29T16:52:23.612673,0.28816271709744357,,1.1049008205918927,DROWSY,100.0
2026-06-29T16:52:23.768721,0.28421484413152615,,1.1154289440676715,DROWSY,100.0
2026-06-29T16:52:23.924095,0.2800917623938039,,1.0305533382675989,DROWSY,100.0
2026-06-29T16:52:24.575633,0.2759787989398987,,0.9386031366836326,DROWSY,100.0
2026-06-29T16:52:24.777129,0.2725709157764701,,0.6452526305500484,DROWSY,100.0
2026-06-29T16:52:24.929145,0.2677417580229428,,0.6075643821168438,DROWSY,100.0
2026-06-29T16:52:25.087743,0.2636605200615483,,0.6350046663675784,DROWSY,100.0
2026-06-29T16:52:25.248667,0.26031977904111314,,0.7548192368457038,DROWSY,100.0
2026-06-29T16:52:25.422917,0.2583225431177067,,0.7901779591396477,DROWSY,100.0
2026-06-29T16:52:25.599226,0.25585774930272365,,1.0462084489228476,DROWSY,100.0
2026-06-29T16:52:25.773210,0.2536386352848286,,1.2601621059385326,DROWSY,100.0
2026-06-29T16:52:25.929477,0.25140819276086684,,2.221774552931151,DROWSY,100.0
2026-06-29T16:52:26.594256,0.25149297428764816,,2.582540754198816,DROWSY,100.0
2026-06-29T16:52:26.795614,0.2536815976916695,,1.2212704712569435,DROWSY,100.0
2026-06-29T16:52:26.957381,0.2560877871677496,,2.7027914468797554,DROWSY,100.0
2026-06-29T16:52:27.113044,0.2599895734648823,,2.7430387563635743,DROWSY,100.0
2026-06-29T16:52:27.305032,0.2655837678539149,,2.807849044134006,DROWSY,100.0
2026-06-29T16:52:27.500159,0.2713968611297184,,2.773732928356021,DROWSY,100.0
2026-06-29T16:52:27.702640,0.2780303278336311,,2.744159712345618,DROWSY,100.0
2026-06-29T16:52:27.895982,0.2817613495016558,,2.8062386087559483,DROWSY,100.0
2026-06-29T16:52:28.077946,0.28403511411083426,,2.751704345429687,DROWSY,100.0
2026-06-29T16:52:28.749972,0.28575043778250275,,2.772271429167263,DROWSY,100.0
2026-06-29T16:52:28.933662,0.28806244940601766,,2.7845501653555766,DROWSY,100.0
2026-06-29T16:52:29.115253,0.29092878749033974,,2.722760854803499,DROWSY,100.0
2026-06-29T16:52:29.288332,0.2938750755329362,,2.7220885936836146,DROWSY,100.0
2026-06-29T16:52:29.444998,0.2964913055920184,,2.7503848121804717,DROWSY,100.0
2026-06-29T16:52:29.606804,0.2987905185064966,,2.7435541174461306,DROWSY,100.0
2026-06-29T16:52:29.763073,0.30135494139477037,,2.707781822912717,DROWSY,100.0
2026-06-29T16:52:29.945036,0.3038922838139046,,2.7928651008922887,DROWSY,100.0
2026-06-29T16:52:30.749009,0.30731843919533347,,2.7494770618264504,DROWSY,100.0
2026-06-29T16:52:30.939482,0.31166807918847866,,2.7452845168834488,DROWSY,100.0
2026-06-29T16:52:31.113202,0.31645847439220437,,2.7123266815060934,DROWSY,100.0
2026-06-29T16:52:31.283935,0.32154767913176635,,2.7324628903521506,DROWSY,100.0
2026-06-29T16:52:31.447885,0.32775442609451005,,2.6972632524227977,DROWSY,100.0
2026-06-29T16:52:31.617561,0.33446062100780677,,2.6633122121784276,DROWSY,100.0
2026-06-29T16:52:31.776293,0.34072711651899457,,2.619044798009862,DROWSY,100.0
2026-06-29T16:52:31.934022,0.34737731579121833,,2.6769718146755612,DROWSY,100.0
2026-06-29T16:52:32.098728,0.3534639080378388,,2.6093475154025385,DROWSY,100.0
2026-06-29T16:52:32.762498,0.35898758535559677,,2.2825252263753124,DROWSY,100.0
2026-06-29T16:52:32.950586,0.36315945219111495,,2.200837961958664,DROWSY,100.0
2026-06-29T16:52:33.115387,0.36669254724328665,,2.7453380369251916,DROWSY,100.0
2026-06-29T16:52:33.272726,0.36930808182748137,,2.7268143055383236,DROWSY,100.0
2026-06-29T16:52:33.432724,0.3715014392750376,,2.6122772491932813,DROWSY,100.0
2026-06-29T16:52:33.592247,0.3732531516136904,,2.7572377740553415,DROWSY,100.0
2026-06-29T16:52:33.762334,0.37448285288858485,,2.775438089048424,DROWSY,100.0
2026-06-29T16:52:33.917049,0.3745987159002451,,2.7564648835874035,DROWSY,100.0
2026-06-29T16:52:34.071542,0.37416934275989533,,2.5519513878126854,DROWSY,100.0
2026-06-29T16:52:34.237515,0.37389046704409906,,2.671236808906045,DROWSY,100.0
2026-06-29T16:52:34.903829,0.3735750448559943,,2.749596235320837,DROWSY,100.0
2026-06-29T16:52:35.107641,0.37223355154372434,,2.7244700866663205,DROWSY,100.0
2026-06-29T16:52:35.272351,0.37075922098394004,,2.6737894109916196,DROWSY,100.0
2026-06-29T16:52:35.437505,0.3672585897783473,,2.7589414658195968,DROWSY,100.0
2026-06-29T16:52:35.592501,0.3595524122548491,,2.7189710828773777,DROWSY,100.0
2026-06-29T16:52:35.765628,0.34931428465642134,,2.715261232556495,DROWSY,100.0
2026-06-29T16:52:35.937216,0.3429787812592504,,2.7612376788111868,DROWSY,100.0
2026-06-29T16:52:36.108071,0.3388465978700989,,2.705432847763907,DROWSY,100.0
2026-06-29T16:52:36.278779,0.336722619966596,,2.709260410411574,DROWSY,100.0
2026-06-29T16:52:36.955743,0.33552411598591475,,2.6124212743778266,DROWSY,100.0
2026-06-29T16:52:37.141061,0.331095003489433,,2.67660240728533,DROWSY,100.0
2026-06-29T16:52:37.300422,0.3240131062897195,,2.686082520242561,DROWSY,100.0
2026-06-29T16:52:37.457551,0.3208695136159095,,2.5619534244547544,DROWSY,100.0
2026-06-29T16:52:37.612353,0.3204353134950341,,2.7695288106005047,DROWSY,100.0
2026-06-29T16:52:37.769955,0.32141330122978196,,2.7380257497934815,DROWSY,100.0
2026-06-29T16:52:37.959561,0.3232507198632771,,2.6679074583870057,DROWSY,100.0
2026-06-29T16:52:38.111032,0.3249551184602258,,2.7042959224127445,DROWSY,100.0
2026-06-29T16:52:38.266954,0.3277532597295116,,2.7145182276023165,DROWSY,100.0
2026-06-29T16:52:38.423498,0.33054413171991326,,2.6389741298770106,DROWSY,100.0
2026-06-29T16:52:39.099128,0.3339650085776197,,2.648251245960691,DROWSY,100.0
2026-06-29T16:52:39.307062,0.33823134605816696,,2.65415630318885,DROWSY,100.0
2026-06-29T16:52:39.509771,0.34245847907625415,,2.665533699648343,DROWSY,100.0
2026-06-29T16:52:39.666702,0.3468940360179155,,2.6700820631493443,DROWSY,100.0
2026-06-29T16:52:39.826605,0.3511804330847528,,2.6689420752646162,DROWSY,100.0
2026-06-29T16:52:39.983871,0.3554841955523188,,2.726937912219633,DROWSY,100.0
2026-06-29T16:52:40.140301,0.358900407124718,,2.598169795442371,DROWSY,100.0
2026-06-29T16:52:40.299121,0.36184622799301636,,2.6352030162197293,DROWSY,100.0
2026-06-29T16:52:40.461485,0.36459068046943266,,2.6684943861255195,DROWSY,100.0
2026-06-29T16:52:41.120334,0.367798097050548,,2.789060267132003,DROWSY,100.0
2026-06-29T16:52:41.303332,0.3703863941841113,,2.629983276698842,DROWSY,100.0
2026-06-29T16:52:41.472866,0.37268915884584997,,2.6754002909983745,DROWSY,100.0
2026-06-29T16:52:41.629030,0.37459480169887843,,2.733040489262239,DROWSY,100.0
2026-06-29T16:52:41.786017,0.37650370489687,,2.6964115295077966,DROWSY,100.0
2026-06-29T16:52:41.951963,0.37756721769061014,,2.69982345951686,DROWSY,100.0
2026-06-29T16:52:42.117591,0.3783317478458178,,2.627825519103803,DROWSY,100.0
2026-06-29T16:52:42.275857,0.37896988919315217,,2.7185302493692403,DROWSY,100.0
2026-06-29T16:52:42.430929,0.38021359780187486,,2.661452882977627,DROWSY,100.0
2026-06-29T16:52:42.595844,0.3813686620392657,,2.667237267074778,DROWSY,100.0
2026-06-29T16:52:43.255103,0.3818334917766068,,2.59940959692042,DROWSY,100.0
2026-06-29T16:52:43.439116,0.3830093623294728,,2.687348941805167,DROWSY,100.0
2026-06-29T16:52:43.603705,0.38412989060990693,,2.7401999699472244,DROWSY,100.0
2026-06-29T16:52:43.758637,0.3850873999478384,,2.487078363823112,DROWSY,100.0
2026-06-29T16:52:43.918166,0.3859814540238232,,2.7978746096619194,DROWSY,100.0
2026-06-29T16:52:44.071718,0.38700260539920844,,2.655627757481851,DROWSY,100.0
2026-06-29T16:52:44.237725,0.38824581572312616,,2.6820890704116587,DROWSY,100.0
2026-06-29T16:52:44.401955,0.38916217825053684,,2.5951702525389884,DROWSY,100.0
2026-06-29T16:52:44.568482,0.3900819767067457,,2.6678754768690824,DROWSY,100.0
2026-06-29T16:52:44.731404,0.3907087965311037,,2.663173131255238,DROWSY,100.0
2026-06-29T16:52:45.412201,0.3915500118473398,,2.702130350304043,DROWSY,100.0
2026-06-29T16:52:45.593613,0.39159326989011395,,2.7247692785405437,DROWSY,100.0
2026-06-29T16:52:45.761867,0.3920444731758056,,2.6781862281683866,DROWSY,100.0
2026-06-29T16:52:45.922619,0.39279491921901005,,2.7572334478505254,DROWSY,100.0
2026-06-29T16:52:46.071155,0.393006660291867,,2.6295211248858643,DROWSY,100.0
2026-06-29T16:52:46.236330,0.39304363693056865,,2.679916953264318,DROWSY,100.0
2026-06-29T16:52:46.392926,0.39311527626690834,,2.696715242384718,DROWSY,100.0
2026-06-29T16:52:46.550811,0.389068104440572,,2.6650241858571984,DROWSY,100.0
2026-06-29T16:52:46.712398,0.3849891169700355,,2.6529292396754505,DROWSY,100.0
2026-06-29T16:52:46.896660,0.38096748948955833,,2.6783433275570303,DROWSY,100.0
2026-06-29T16:52:47.592756,0.37767974999910614,,2.64874322852692,DROWSY,100.0
2026-06-29T16:52:47.823698,0.37516028839498533,,2.7086720839397826,DROWSY,100.0
2026-06-29T16:52:48.011319,0.37366846037421864,,2.722440057305223,DROWSY,100.0
2026-06-29T16:52:48.184029,0.3727178764059211,,2.717221535457272,DROWSY,100.0
2026-06-29T16:52:48.354566,0.3721635900016748,,2.7327611977565804,DROWSY,100.0
2026-06-29T16:52:48.542584,0.3717990487067852,,2.8159828266174594,DROWSY,100.0
2026-06-29T16:52:48.697493,0.37195153585381285,,2.531551824241565,DROWSY,100.0
2026-06-29T16:52:48.853721,0.37184989680147607,,2.73015150005684,DROWSY,100.0
2026-06-29T16:52:49.020510,0.3716386326892869,,2.658530030115401,DROWSY,100.0
2026-06-29T16:52:49.692467,0.37142454150040355,,2.6637319910515704,DROWSY,100.0
2026-06-29T16:52:49.910396,0.37125311658906507,,2.678049825035678,DROWSY,100.0
2026-06-29T16:52:50.082189,0.37128448582677764,,2.6617345310545892,DROWSY,100.0
2026-06-29T16:52:50.254319,0.371449826479825,,2.713528382178938,DROWSY,100.0
2026-06-29T16:52:50.425779,0.3712214225027474,,2.700375800911632,DROWSY,100.0
2026-06-29T16:52:50.580002,0.37146523575368084,,2.6263691125834123,DROWSY,100.0
2026-06-29T16:52:50.763725,0.37180591081468867,,2.6943334363270934,DROWSY,100.0
2026-06-29T16:52:50.922107,0.37234714044931655,,2.6919683494064364,DROWSY,100.0
2026-06-29T16:52:51.088433,0.3730392863704473,,2.679406388905176,DROWSY,100.0
2026-06-29T16:52:51.795424,0.3741327321355496,,2.64897840681254,DROWSY,100.0
2026-06-29T16:52:51.980294,0.37431949279645477,,2.6353123271693835,DROWSY,100.0
2026-06-29T16:52:52.136219,0.37450740205423383,,2.6895575020237876,DROWSY,100.0
2026-06-29T16:52:52.290613,0.3742762916922102,,2.7446202120702394,DROWSY,100.0
2026-06-29T16:52:52.447368,0.3738754220151804,,2.6532134889936465,DROWSY,100.0
2026-06-29T16:52:52.606376,0.3733991840440135,,2.733317567848547,DROWSY,100.0
2026-06-29T16:52:52.766508,0.37287435146977727,,2.6652714117611414,DROWSY,100.0
2026-06-29T16:52:52.923155,0.3726914791772215,,2.7441022073223396,DROWSY,100.0
2026-06-29T16:52:53.076759,0.37327566916488303,,2.69623521129274,DROWSY,100.0
2026-06-29T16:52:53.237960,0.37044111134532387,,2.691296920646119,DROWSY,100.0
2026-06-29T16:52:53.919123,0.36845717184072524,,2.7280343249696624,DROWSY,100.0
2026-06-29T16:52:54.115534,0.36651915132957996,,2.6942692858817234,DROWSY,100.0
2026-06-29T16:52:54.281783,0.36540833958924857,,2.7349190430321566,DROWSY,100.0
2026-06-29T16:52:54.437419,0.3642768978057901,,2.6953808874867833,DROWSY,100.0
2026-06-29T16:52:54.606391,0.3567003449347267,,2.435699222430948,DROWSY,100.0
2026-06-29T16:52:54.766790,0.3459356282184473,,2.506327420199729,DROWSY,100.0
2026-06-29T16:52:54.935839,0.33477048543407,,2.787592205170824,DROWSY,100.0
2026-06-29T16:52:55.090052,0.32422674323996453,,2.741523588360583,DROWSY,100.0
2026-06-29T16:52:55.254122,0.31561427898181904,,2.760115805257735,DROWSY,100.0
2026-06-29T16:52:55.929260,0.31013844253760126,,2.73103930999589,DROWSY,100.0
2026-06-29T16:52:56.123348,0.3041372589979405,,2.7399024705909785,DROWSY,100.0
2026-06-29T16:52:56.280067,0.2983179571255427,,2.655289419381339,DROWSY,100.0
2026-06-29T16:52:56.442092,0.2933636944908715,,2.803966652065541,DROWSY,100.0
2026-06-29T16:52:56.598713,0.29089624457518076,,2.7927205046207964,DROWSY,100.0
2026-06-29T16:52:56.770009,0.29121765790818915,,2.8018112223223333,DROWSY,100.0
2026-06-29T16:52:56.927434,0.2936016407312012,,2.7796751103669157,DROWSY,100.0
2026-06-29T16:52:57.087886,0.29548267659284866,,2.804958034909107,DROWSY,100.0
2026-06-29T16:52:57.241459,0.29527239583669235,,2.812333137310339,DROWSY,100.0
2026-06-29T16:52:57.399628,0.29434591267542776,,2.7629685413774094,DROWSY,100.0
2026-06-29T16:52:58.071088,0.29212387369427845,,2.801659792428525,DROWSY,100.0
2026-06-29T16:52:58.268058,0.2885644038793301,,2.7715949583547363,DROWSY,100.0
2026-06-29T16:52:58.430274,0.28525662765727544,,2.7731206946576816,DROWSY,100.0
2026-06-29T16:52:58.588454,0.2824399806134104,,2.8022756453747983,DROWSY,100.0
2026-06-29T16:52:58.748410,0.28000082572171603,,2.808003058760472,DROWSY,100.0
2026-06-29T16:52:58.914160,0.27811917990480983,,2.824217803424191,DROWSY,100.0
2026-06-29T16:52:59.075375,0.2774730664910268,,2.8158963587771972,DROWSY,100.0
2026-06-29T16:52:59.231023,0.2775701163652223,,2.7626587623587895,DROWSY,100.0
2026-06-29T16:52:59.434267,0.27777096498050674,,2.9028639513273635,DROWSY,100.0
2026-06-29T16:53:00.097767,0.27838325418940185,,2.8309801121839735,DROWSY,100.0
2026-06-29T16:53:00.269764,0.28104198172009776,,2.8272189046441087,DROWSY,100.0
2026-06-29T16:53:00.439998,0.28189675271852543,,2.8200590665496543,DROWSY,100.0
2026-06-29T16:53:00.607784,0.28351395440707616,,2.8087885657327534,DROWSY,100.0
2026-06-29T16:53:00.772889,0.2870205544598076,,2.8636347363042054,DROWSY,100.0
2026-06-29T16:53:00.977781,0.2909194189556544,,2.7586452223711087,DROWSY,100.0
2026-06-29T16:53:01.190432,0.2953629491024704,,2.7595421649851466,DROWSY,100.0
2026-06-29T16:53:01.422828,0.30012850464891266,,2.8422876339119254,DROWSY,100.0
2026-06-29T16:53:02.124281,0.3016307112499306,,2.8159091538314507,DROWSY,100.0
2026-06-29T16:53:02.313932,0.3020100259183064,,2.748695137277707,DROWSY,100.0
2026-06-29T16:53:02.481112,0.30193717418554133,,2.798759121823196,DROWSY,100.0
2026-06-29T16:53:02.656087,0.3017503899723835,,2.8109221616828304,DROWSY,100.0
2026-06-29T16:53:02.821051,0.30098025533464834,,2.784495121491084,DROWSY,100.0
2026-06-29T16:53:02.976680,0.2987003508440334,,2.760428194554563,DROWSY,100.0
2026-06-29T16:53:03.143954,0.2965065422464503,,2.7660559458077216,DROWSY,100.0
2026-06-29T16:53:03.318221,0.29468159290700613,,2.807461947879577,DROWSY,100.0
2026-06-29T16:53:03.475782,0.2936276678949205,,2.8042663449077825,DROWSY,100.0
2026-06-29T16:53:04.147927,0.29224621839012993,,2.7272914750582484,DROWSY,100.0
2026-06-29T16:53:04.362163,0.29123382581998514,,2.8171402417684166,DROWSY,100.0
2026-06-29T16:53:04.519121,0.2908031820176115,,2.804398717353077,DROWSY,100.0
2026-06-29T16:53:04.679878,0.28879555416381175,,2.794390034698128,DROWSY,100.0
2026-06-29T16:53:04.836750,0.2881354356223135,,2.8203308849708604,DROWSY,100.0
2026-06-29T16:53:05.002360,0.28807959084745666,,2.7962526247907897,DROWSY,100.0
2026-06-29T16:53:05.160253,0.29035024643508134,,2.7964586424907343,DROWSY,100.0
2026-06-29T16:53:05.327095,0.2947987852367934,,2.80702082751855,DROWSY,100.0
2026-06-29T16:53:05.483678,0.3001162981964333,,2.766543137102198,DROWSY,100.0
2026-06-29T16:53:05.636773,0.3030875089326596,,2.815983067832858,DROWSY,100.0
2026-06-29T16:53:06.313170,0.30353213953852926,,2.777282837705414,DROWSY,100.0
2026-06-29T16:53:06.521036,0.3027022224061129,,2.71156502463337,DROWSY,100.0
2026-06-29T16:53:06.703007,0.3020746953510623,,2.761477925068883,DROWSY,100.0
2026-06-29T16:53:06.903617,0.3019622860679023,,2.6181782029773246,DROWSY,100.0
2026-06-29T16:53:07.073250,0.3030435703189331,,2.690922785314422,DROWSY,100.0
2026-06-29T16:53:07.243186,0.3048665973948714,,2.6752097039033123,DROWSY,100.0
2026-06-29T16:53:07.418210,0.3085183650770114,,2.697375436597402,DROWSY,100.0
2026-06-29T16:53:07.595347,0.31326629237559417,,2.6434010489482853,DROWSY,100.0
2026-06-29T16:53:08.313980,0.31891922927193933,,2.660043036902637,DROWSY,100.0
2026-06-29T16:53:08.546744,0.325590355759055,,2.6981767751524837,DROWSY,100.0
2026-06-29T16:53:08.735991,0.3336943967252697,,2.6574766011503916,DROWSY,100.0
2026-06-29T16:53:08.927301,0.3415759191705135,,2.6259938971888674,DROWSY,100.0
2026-06-29T16:53:09.116052,0.3492535784983363,,2.6273982552140165,DROWSY,100.0
2026-06-29T16:53:09.301552,0.3534332405149313,,2.6268731010965864,DROWSY,100.0
2026-06-29T16:53:09.473014,0.3570674908836513,,2.6684655955983647,DROWSY,100.0
2026-06-29T16:53:09.656691,0.3606114376284709,,2.739606085202499,DROWSY,100.0
2026-06-29T16:53:10.341290,0.36507238347018245,,2.7800075678701104,DROWSY,100.0
2026-06-29T16:53:10.564603,0.36892608783316805,,2.5040944321577934,DROWSY,100.0
2026-06-29T16:53:10.755114,0.3724801083175798,,2.7402629401699268,DROWSY,100.0
2026-06-29T16:53:10.940711,0.375563339833095,,2.86332817863189,DROWSY,100.0
2026-06-29T16:53:11.125882,0.3784385150194723,,2.8284324755672166,DROWSY,100.0
2026-06-29T16:53:11.331928,0.38112613116808824,,2.824353674914153,DROWSY,100.0
2026-06-29T16:53:11.533604,0.38358787013216283,,2.9394625170954756,DROWSY,100.0
2026-06-29T16:53:11.705273,0.3824091594138656,,2.848024016474164,DROWSY,100.0
2026-06-29T16:53:12.405576,0.3805084435443257,,2.8371238062790525,DROWSY,100.0
2026-06-29T16:53:12.604525,0.3805823031252634,,2.858699673526398,DROWSY,100.0
2026-06-29T16:53:12.789369,0.38071081914004123,,2.8002602400477317,DROWSY,100.0
2026-06-29T16:53:12.979383,0.38064683036475244,,2.749158252788576,DROWSY,100.0
2026-06-29T16:53:13.177584,0.3812439849620124,,2.852599134649147,DROWSY,100.0
2026-06-29T16:53:13.366150,0.3826669235354239,,2.8012740606398516,DROWSY,100.0
2026-06-29T16:53:13.556340,0.38428209087772147,,2.844104697866128,DROWSY,100.0
2026-06-29T16:53:13.738606,0.38651656615023466,,2.791685826039945,DROWSY,100.0
2026-06-29T16:53:14.433819,0.38883572929949284,,2.6359926926404365,DROWSY,100.0
2026-06-29T16:53:14.629354,0.3905196792370618,,2.790764770572638,DROWSY,100.0
2026-06-29T16:53:14.814706,0.3919749713964112,,2.742672653448469,DROWSY,100.0
2026-06-29T16:53:15.028402,0.3938134914018861,,2.7707366916386644,DROWSY,100.0
2026-06-29T16:53:15.218675,0.39551956039373387,,2.836885976887967,DROWSY,100.0
2026-06-29T16:53:15.419177,0.39787674112477345,,2.724799275109473,DROWSY,100.0
2026-06-29T16:53:15.596418,0.40003645941390753,,2.8750343184520464,DROWSY,100.0
2026-06-29T16:53:15.781576,0.4025708660952562,,2.7605215587017393,DROWSY,100.0
2026-06-29T16:53:16.475669,0.40526137224645625,,2.836810654068696,DROWSY,100.0
2026-06-29T16:53:16.683212,0.4074326747975943,,2.512619584094507,DROWSY,100.0
2026-06-29T16:53:16.875268,0.40911655543423936,,2.753483533824906,DROWSY,100.0
2026-06-29T16:53:17.063520,0.4109325615537386,,2.8534982266865803,DROWSY,100.0
2026-06-29T16:53:17.247067,0.412432127799649,,2.7796346522534874,DROWSY,100.0
2026-06-29T16:53:17.439242,0.4123467302075037,,2.855931631418972,DROWSY,100.0
2026-06-29T16:53:17.651779,0.40683374760634705,,2.8021468192595234,DROWSY,100.0
2026-06-29T16:53:17.861028,0.4008082325399109,,2.091451923512201,DROWSY,100.0
2026-06-29T16:53:18.565727,0.3932584309232259,,2.820515015694074,DROWSY,100.0
2026-06-29T16:53:18.765769,0.3864336755612777,,2.8561403802231347,DROWSY,100.0
2026-06-29T16:53:18.939948,0.38190620183582147,,2.824804211606254,DROWSY,100.0
2026-06-29T16:53:19.128007,0.37842593532351326,,2.8165527635011234,DROWSY,100.0
2026-06-29T16:53:19.328633,0.37533083873457457,,2.8750857587768945,DROWSY,100.0
2026-06-29T16:53:19.553648,0.36638187849913073,,2.7971421080742322,DROWSY,100.0
2026-06-29T16:53:19.741421,0.3571729281565457,,2.7889727332479968,DROWSY,100.0
2026-06-29T16:53:19.935466,0.34779626802428787,,2.771012373189843,DROWSY,100.0
2026-06-29T16:53:20.628431,0.33905734711755287,,2.835810807263069,DROWSY,100.0
2026-06-29T16:53:20.839972,0.33277950121773203,,2.859572444354503,DROWSY,100.0
2026-06-29T16:53:20.997954,0.3277540640448352,,2.8091438752427,DROWSY,100.0
2026-06-29T16:53:21.160548,0.3227168052159076,,2.80496001480118,DROWSY,100.0
2026-06-29T16:53:21.318994,0.3184374082338906,,2.781188738620721,DROWSY,100.0
2026-06-29T16:53:21.543907,0.3147989439378986,,2.8033417674203216,DROWSY,100.0
2026-06-29T16:53:21.699674,0.31199185410342306,,2.787472104473001,DROWSY,100.0
2026-06-29T16:53:21.865423,0.3098519295741407,,2.83244757396721,DROWSY,100.0
2026-06-29T16:53:22.062282,0.3075557686540943,,2.8034597110904778,DROWSY,100.0
2026-06-29T16:53:22.723545,0.30560580698109746,,2.7708999055088595,DROWSY,100.0
2026-06-29T16:53:22.914383,0.3042972109460959,,2.8059340201331358,DROWSY,100.0
2026-06-29T16:53:23.074809,0.3030375526504486,,2.844298174634449,DROWSY,100.0
2026-06-29T16:53:23.240718,0.3017142694839924,,2.727710388407324,DROWSY,100.0
2026-06-29T16:53:23.413139,0.30062885748914603,,2.816920959859091,DROWSY,100.0
2026-06-29T16:53:23.584147,0.29969445025990477,,2.7209996973171715,DROWSY,100.0
2026-06-29T16:53:23.755704,0.2947666458964808,,2.816828102666122,DROWSY,100.0
2026-06-29T16:53:23.913525,0.28972097403600927,,2.829107076948836,DROWSY,100.0
2026-06-29T16:53:24.088762,0.28645728509508184,,2.7585712655405827,DROWSY,100.0
2026-06-29T16:53:24.755455,0.28391201335722954,,2.788042581023147,DROWSY,100.0
2026-06-29T16:53:24.954958,0.2811502413380672,,2.8199272787925596,DROWSY,100.0
2026-06-29T16:53:25.133253,0.2795336584802352,,2.8604949691107078,DROWSY,100.0
2026-06-29T16:53:25.303992,0.27929856509414175,,2.889008452710323,DROWSY,100.0
2026-06-29T16:53:25.475395,0.2794220501236284,,2.7930402018869365,DROWSY,100.0
2026-06-29T16:53:25.632990,0.2795358117049264,,2.803501883842938,DROWSY,100.0
2026-06-29T16:53:25.804564,0.2813539453006274,,2.858087430838667,DROWSY,100.0
2026-06-29T16:53:25.966220,0.2848883884189316,,2.7932582410653835,DROWSY,100.0
2026-06-29T16:53:26.129029,0.28954396680192634,,2.8481026401576823,DROWSY,100.0
2026-06-29T16:53:26.797461,0.29483126719020886,,2.8052875726922646,DROWSY,100.0
2026-06-29T16:53:26.995435,0.2967775017297021,,2.7944259941738903,DROWSY,100.0
2026-06-29T16:53:27.159917,0.29909231928419056,,2.7746653492750735,DROWSY,100.0
2026-06-29T16:53:27.327924,0.30202498050836557,,2.7805952198285357,DROWSY,100.0
2026-06-29T16:53:27.482104,0.3057081951380533,,2.837142824111026,DROWSY,100.0
2026-06-29T16:53:27.654174,0.30989529520958536,,2.811573184389099,DROWSY,100.0
2026-06-29T16:53:27.825401,0.31359379849638747,,2.8103780846912207,DROWSY,100.0
2026-06-29T16:53:27.982786,0.31487132058284084,,2.8334620655784195,DROWSY,100.0
2026-06-29T16:53:28.142881,0.31404176814799756,,2.743522383285801,DROWSY,100.0
2026-06-29T16:53:28.823202,0.3121982086200681,,2.857955450088752,DROWSY,100.0
2026-06-29T16:53:29.022052,0.3102634120811107,,2.8492297581693737,DROWSY,100.0
2026-06-29T16:53:29.193599,0.30858752503534775,,2.783671177328943,DROWSY,100.0
2026-06-29T16:53:29.355027,0.3060792339776272,,2.8334387943542367,DROWSY,100.0
2026-06-29T16:53:29.513240,0.3044723210131636,,2.77737337600409,DROWSY,100.0
2026-06-29T16:53:29.684854,0.3038672367360661,,2.781212960716288,DROWSY,100.0
2026-06-29T16:53:29.850861,0.303429983819971,,2.837015902386938,DROWSY,100.0
2026-06-29T16:53:30.024763,0.30281071637760565,,2.7941380326522283,DROWSY,100.0
2026-06-29T16:53:30.195736,0.30204317290232513,,2.8161730231807347,DROWSY,100.0
2026-06-29T16:53:30.865262,0.3003430975475152,,2.801780919786861,DROWSY,100.0
2026-06-29T16:53:31.052184,0.2991188680590812,,2.786692051124033,DROWSY,100.0
2026-06-29T16:53:31.213510,0.29882464446710605,,2.8475942136971804,DROWSY,100.0
2026-06-29T16:53:31.381555,0.299125507965018,,2.85912659623944,DROWSY,100.0
2026-06-29T16:53:31.553656,0.29971227003865747,,2.7730557593830447,DROWSY,100.0
2026-06-29T16:53:31.723751,0.3002059499215524,,2.868673474698497,DROWSY,100.0
2026-06-29T16:53:31.890947,0.29925975497724827,,2.8057088600614244,DROWSY,100.0
2026-06-29T16:53:32.061594,0.2992135916679349,,2.839800375572202,DROWSY,100.0
2026-06-29T16:53:32.232801,0.2988527162378393,,2.8029221635242125,DROWSY,100.0
2026-06-29T16:53:32.892212,0.29936391076656466,,2.8397982948994898,DROWSY,100.0
2026-06-29T16:53:33.091615,0.2992232669020502,,2.8196498408789576,DROWSY,100.0
2026-06-29T16:53:33.265094,0.298613690192453,,2.8451602889936503,DROWSY,100.0
2026-06-29T16:53:33.422673,0.29756914752948493,,2.8315193433509407,DROWSY,100.0
2026-06-29T16:53:33.578991,0.2953462220346808,,2.8371246239222625,DROWSY,100.0
2026-06-29T16:53:33.780854,0.2927964504969922,,2.841524315883252,DROWSY,100.0
2026-06-29T16:53:33.937752,0.2912343016873437,,2.817200512460231,DROWSY,100.0
2026-06-29T16:53:34.096840,0.2901329279732892,,2.863798782104557,DROWSY,100.0
2026-06-29T16:53:34.254092,0.28991509098737145,,2.8971267547783115,DROWSY,100.0
2026-06-29T16:53:34.924001,0.29053111674134063,,2.7885848042330825,DROWSY,100.0
2026-06-29T16:53:35.116412,0.2935097793955369,,2.8127393680670916,DROWSY,100.0
2026-06-29T16:53:35.285133,0.2976715145312965,,2.8357048247590964,DROWSY,100.0
2026-06-29T16:53:35.438392,0.30210117554119,,2.8907633433100197,DROWSY,100.0
2026-06-29T16:53:35.608525,0.3065206669107564,,2.840844763733506,DROWSY,100.0
2026-06-29T16:53:35.785582,0.30685569920987676,,2.846576641156932,DROWSY,100.0
2026-06-29T16:53:35.945442,0.30649776357578384,,2.772946102728103,DROWSY,100.0
2026-06-29T16:53:36.113301,0.3060355012732395,,2.8640987435185843,DROWSY,100.0
2026-06-29T16:53:36.287247,0.3043461708065607,,2.8202435123628806,DROWSY,100.0
2026-06-29T16:53:36.956889,0.3028062945124956,,2.8869307710277363,DROWSY,100.0
2026-06-29T16:53:37.157824,0.3011980435475907,,2.8070086480251217,DROWSY,100.0
2026-06-29T16:53:37.331029,0.2993852149602261,,2.8629752108586866,DROWSY,100.0
2026-06-29T16:53:37.496608,0.2981524967874702,,2.8689625720536633,DROWSY,100.0
2026-06-29T16:53:37.657156,0.2968430098069849,,2.944768719479466,DROWSY,100.0
2026-06-29T16:53:37.817675,0.29605139319257046,,2.8050673570411333,DROWSY,100.0
2026-06-29T16:53:37.982677,0.2953040977966367,,2.7898034046419977,DROWSY,100.0
2026-06-29T16:53:38.152051,0.29329351711317575,,2.8112779241999966,DROWSY,100.0
2026-06-29T16:53:38.307070,0.290888198199182,,2.815308057723197,DROWSY,100.0
2026-06-29T16:53:38.972261,0.2883702985102048,,2.8431522255291424,DROWSY,100.0
2026-06-29T16:53:39.178833,0.2862588151179409,,2.9340835762740616,DROWSY,100.0
2026-06-29T16:53:39.357098,0.28486420246620553,,2.859300142051002,DROWSY,100.0
2026-06-29T16:53:39.516277,0.2832671461721604,,2.8948621660039686,DROWSY,100.0
2026-06-29T16:53:39.688065,0.28239106482120835,,2.8605106573402246,DROWSY,100.0
2026-06-29T16:53:39.856439,0.2821323690450385,,2.8716852364331187,DROWSY,100.0
2026-06-29T16:53:40.015830,0.2820024787346345,,2.7977270704737345,DROWSY,100.0
2026-06-29T16:53:40.185291,0.2820049386192956,,2.842236023165419,DROWSY,100.0
2026-06-29T16:53:40.354899,0.28251211256546466,,2.8129174174824683,DROWSY,100.0
2026-06-29T16:53:41.029171,0.28376561877950796,,2.9239338422118046,DROWSY,100.0
2026-06-29T16:53:41.245128,0.28468783608266895,,2.867218039842287,DROWSY,100.0
2026-06-29T16:53:41.414817,0.28529930937327413,,2.9081069545627307,DROWSY,100.0
2026-06-29T16:53:41.582738,0.28494905697892553,,2.8948432837291524,DROWSY,100.0
2026-06-29T16:53:41.758553,0.2841122836279239,,2.8546063090537452,DROWSY,100.0
2026-06-29T16:53:41.924378,0.2835559208888191,,2.8547631754027565,DROWSY,100.0
2026-06-29T16:53:42.085254,0.28333621533607195,,2.9233007029301916,DROWSY,100.0
2026-06-29T16:53:42.256351,0.28326590892621806,,2.8459252767880354,DROWSY,100.0
2026-06-29T16:53:42.411233,0.28235807389877376,,2.8276135557451187,DROWSY,100.0
2026-06-29T16:53:43.074642,0.28168582896093003,,2.823915537771826,DROWSY,100.0
2026-06-29T16:53:43.338396,0.2817542840200064,,2.80979940079437,DROWSY,100.0
2026-06-29T16:53:43.505528,0.2836719428138402,,2.7479311820850656,DROWSY,100.0
2026-06-29T16:53:43.669446,0.28754186102251755,,2.79740785973942,DROWSY,100.0
2026-06-29T16:53:43.825356,0.29259412752639824,,2.7795655853884718,DROWSY,100.0
2026-06-29T16:53:43.984065,0.29864056474795375,,2.756788240606301,DROWSY,100.0
2026-06-29T16:53:44.140517,0.2991838823870022,,2.77315878647986,DROWSY,100.0
2026-06-29T16:53:44.307628,0.29847106111542493,,2.745084423334911,DROWSY,100.0
2026-06-29T16:53:44.474190,0.2989198459891893,,2.737273107471682,DROWSY,100.0
2026-06-29T16:53:45.189993,0.30143543034357023,,2.774458796016786,DROWSY,100.0
2026-06-29T16:53:45.457292,0.30487486769776945,,2.7942375599594094,DROWSY,100.0
2026-06-29T16:53:45.681840,0.3086996668290953,,2.7685306284064732,DROWSY,100.0
2026-06-29T16:53:45.850317,0.3128206374546442,,2.726411766498743,DROWSY,100.0
2026-06-29T16:53:46.023167,0.3178284507929787,,2.7822311136816325,DROWSY,100.0
2026-06-29T16:53:46.200427,0.3229606291077164,,2.7536851689577766,DROWSY,100.0
2026-06-29T16:53:46.381593,0.32804838728197727,,2.785061202059285,DROWSY,100.0
2026-06-29T16:53:46.557560,0.33242748541887174,,2.7357076837717833,DROWSY,100.0
2026-06-29T16:53:47.232361,0.3364272239139387,,2.7820730909330806,DROWSY,100.0
2026-06-29T16:53:47.518597,0.33997988329908946,,2.8895290644949307,DROWSY,100.0
2026-06-29T16:53:47.702222,0.34251632082463834,,2.895206590602105,DROWSY,100.0
2026-06-29T16:53:47.884597,0.3453279786998865,,2.8746518910282632,DROWSY,100.0
2026-06-29T16:53:48.064043,0.34772646711711824,,2.758315329036354,DROWSY,100.0
2026-06-29T16:53:48.238043,0.35033985645738297,,2.740709570713219,DROWSY,100.0
2026-06-29T16:53:48.434827,0.35227659847934906,,2.8091975437485748,DROWSY,100.0
2026-06-29T16:53:48.608939,0.3544367111389448,,2.8369798897195744,DROWSY,100.0
2026-06-29T16:53:49.307403,0.3567990727868459,,2.725554440885655,DROWSY,100.0
2026-06-29T16:53:49.565749,0.35866856337225755,,2.794890847115443,DROWSY,100.0
2026-06-29T16:53:49.747021,0.3611592902272586,,2.743122002012207,DROWSY,100.0
2026-06-29T16:53:49.949327,0.3634000804520924,,2.7634671118376475,DROWSY,100.0
2026-06-29T16:53:50.131885,0.36519061864735675,,2.76600559944506,DROWSY,100.0
2026-06-29T16:53:50.324123,0.3668665441870833,,2.8782805390340456,DROWSY,100.0
2026-06-29T16:53:50.501825,0.3676927722423876,,2.8485454317207224,DROWSY,100.0
2026-06-29T16:53:50.685735,0.36832201891884353,,2.849311040124395,DROWSY,100.0
2026-06-29T16:53:51.379357,0.36871727681201383,,2.7461445624936043,DROWSY,100.0
2026-06-29T16:53:51.601147,0.3693071051494941,,2.765381310377876,DROWSY,100.0
2026-06-29T16:53:51.791321,0.37033404685669025,,2.792352353609203,DROWSY,100.0
2026-06-29T16:53:51.973198,0.3723193153043634,,2.843941218880485,DROWSY,100.0
2026-06-29T16:53:52.158597,0.37345345443167266,,2.8289413886608332,DROWSY,100.0
2026-06-29T16:53:52.340299,0.37480178294980254,,2.8482753141769814,DROWSY,100.0
2026-06-29T16:53:52.525806,0.37559390118365643,,2.842535138221026,DROWSY,100.0
2026-06-29T16:53:52.712847,0.3763460163447295,,2.8700661197897848,DROWSY,100.0
2026-06-29T16:53:53.412479,0.37684079555198546,,2.825300657087847,DROWSY,100.0
2026-06-29T16:53:53.612803,0.37741127485968035,,2.777040532591255,DROWSY,100.0
2026-06-29T16:53:53.791182,0.3781832685115121,,2.7883540784663743,DROWSY,100.0
2026-06-29T16:53:53.993206,0.37943633515331887,,2.8227713030204966,DROWSY,100.0
2026-06-29T16:53:54.181071,0.37949915858711697,,2.8884794131161478,DROWSY,100.0
2026-06-29T16:53:54.372009,0.37955800737749656,,2.7867015958170747,DROWSY,100.0
2026-06-29T16:53:54.561912,0.37970173251167144,,2.8713500905783427,DROWSY,100.0
2026-06-29T16:53:54.737206,0.38008441308561636,,2.7435046262174536,DROWSY,100.0
2026-06-29T16:53:55.438277,0.3810164858209431,,2.7294160151724243,DROWSY,100.0
2026-06-29T16:53:55.646121,0.38189216594205777,,2.9586742017013146,DROWSY,100.0
2026-06-29T16:53:55.816998,0.3832922161359265,,2.747990634585572,DROWSY,100.0
2026-06-29T16:53:55.972231,0.3849611982165499,,2.787996350864614,DROWSY,100.0
2026-06-29T16:53:56.129714,0.3862314690000736,,2.794204389834124,DROWSY,100.0
2026-06-29T16:53:56.287723,0.38810714176988725,,2.754262346732669,DROWSY,100.0
2026-06-29T16:53:56.452876,0.389948456982569,,2.8038760812395607,DROWSY,100.0
2026-06-29T16:53:56.613650,0.39189602979759447,,3.050659055648817,DROWSY,100.0
2026-06-29T16:53:56.782898,0.39335221310055596,,2.8375009086831233,DROWSY,100.0
2026-06-29T16:53:57.466224,0.3945639597727296,,2.7676123310028555,DROWSY,100.0
2026-06-29T16:53:57.665720,0.39453384736449326,,2.7002327738759524,DROWSY,100.0
2026-06-29T16:53:57.823181,0.3939439247994257,,2.802040188729094,DROWSY,100.0
2026-06-29T16:53:57.979054,0.39306630868887293,,2.8097403203091904,DROWSY,100.0
2026-06-29T16:53:58.144274,0.3919398272834622,,2.795756825563487,DROWSY,100.0
2026-06-29T16:53:58.303247,0.3911347334584664,,2.776190919942999,DROWSY,100.0
2026-06-29T16:53:58.512254,0.3895999802337309,,2.7112782095474843,DROWSY,100.0
2026-06-29T16:53:58.684898,0.38461451600076835,,2.76275097938948,DROWSY,100.0
2026-06-29T16:53:58.842457,0.37786460006507955,,2.799358646283594,DROWSY,100.0
2026-06-29T16:53:59.511028,0.3724727649552374,,2.7764079514477937,DROWSY,100.0
2026-06-29T16:53:59.700322,0.3698405671488414,,2.806176210337938,DROWSY,100.0
2026-06-29T16:53:59.858645,0.36901257139948035,,2.8055991424362023,DROWSY,100.0
2026-06-29T16:54:00.012041,0.3693277463203193,,2.8053068775332393,DROWSY,100.0
2026-06-29T16:54:00.192074,0.3709846395590437,,2.8448937186844714,DROWSY,100.0
2026-06-29T16:54:00.347119,0.36690949698766107,,2.895338340857335,DROWSY,100.0
2026-06-29T16:54:00.503591,0.3630995493279142,,2.835485212691595,DROWSY,100.0
2026-06-29T16:54:00.664151,0.3597295941378318,,2.809995120253005,DROWSY,100.0
2026-06-29T16:54:00.822041,0.3571802930507511,,2.780431855920991,DROWSY,100.0
2026-06-29T16:54:00.986819,0.35613797616087084,,2.770185021505003,DROWSY,100.0
2026-06-29T16:54:01.660782,0.35483490846964155,,2.8296566236144898,DROWSY,100.0
2026-06-29T16:54:01.835486,0.3541499549703695,,2.7500279715164635,DROWSY,100.0
2026-06-29T16:54:01.992707,0.35413237774393724,,2.8109777014510535,DROWSY,100.0
2026-06-29T16:54:02.149955,0.35373287387499186,,2.8455813079737577,DROWSY,100.0
2026-06-29T16:54:02.321022,0.3527517514137177,,2.9370273912395177,DROWSY,100.0
2026-06-29T16:54:02.477084,0.35103264489547664,,2.902901710841788,DROWSY,100.0
2026-06-29T16:54:02.648812,0.34982295433403326,,2.8344717118411356,DROWSY,100.0
2026-06-29T16:54:02.824579,0.34829984890020105,,2.8864942942758103,DROWSY,100.0
2026-06-29T16:54:02.980731,0.3458413337384781,,2.828760105545673,DROWSY,100.0
2026-06-29T16:54:03.653994,0.34244991970042543,,2.8248115952226303,DROWSY,100.0
2026-06-29T16:54:03.848620,0.3394154617623082,,3.271839402438984,DROWSY,100.0
2026-06-29T16:54:04.017051,0.335310419659872,,2.861821787626919,DROWSY,100.0
2026-06-29T16:54:04.185957,0.33185019284366424,,2.8526828788592757,DROWSY,100.0
2026-06-29T16:54:04.352841,0.330737579570814,,2.845763623010248,DROWSY,100.0
2026-06-29T16:54:04.526678,0.3319145376810331,,2.8807161267642405,DROWSY,100.0
2026-06-29T16:54:04.681833,0.33420471822704334,,2.854256654810186,DROWSY,100.0
2026-06-29T16:54:04.854759,0.3331793543823363,,2.777201879508698,DROWSY,100.0
2026-06-29T16:54:05.022548,0.3316156490167492,,2.8931121696825883,DROWSY,100.0
2026-06-29T16:54:05.694479,0.3299319961840856,,2.81479826344753,DROWSY,100.0
2026-06-29T16:54:05.911590,0.3279409454044506,,2.879452433772078,DROWSY,100.0
2026-06-29T16:54:06.077192,0.32648242740182953,,2.8673460573525356,DROWSY,100.0
2026-06-29T16:54:06.241026,0.3255097064595683,,2.8757709654439343,DROWSY,100.0
2026-06-29T16:54:06.412577,0.32457416288379815,,2.842791957831323,DROWSY,100.0
2026-06-29T16:54:06.577348,0.323071395298254,,2.9682854655673188,DROWSY,100.0
2026-06-29T16:54:06.746106,0.32109036709555094,,2.8219487591451626,DROWSY,100.0
2026-06-29T16:54:06.912929,0.31991787509975644,,2.8467963763156843,DROWSY,100.0
2026-06-29T16:54:07.084137,0.3188390867460051,,2.8201058511880994,DROWSY,100.0
2026-06-29T16:54:07.745779,0.31847531201329615,,2.8196653832784624,DROWSY,100.0
2026-06-29T16:54:07.951069,0.3179222899023424,,3.0262282973605537,DROWSY,100.0
2026-06-29T16:54:08.105467,0.31739083065761214,,2.801203567414403,DROWSY,100.0
2026-06-29T16:54:08.276960,0.31666296124203397,,2.811163857412035,DROWSY,100.0
2026-06-29T16:54:08.447144,0.3155999166547568,,2.8414246207154203,DROWSY,100.0
2026-06-29T16:54:08.604747,0.3148100092202076,,2.7927275618787255,DROWSY,100.0
2026-06-29T16:54:08.779654,0.3134293440720218,,2.8379925355630524,DROWSY,100.0
2026-06-29T16:54:08.940161,0.31170755824434326,,2.839924723727709,DROWSY,100.0
2026-06-29T16:54:09.095473,0.30996380934097906,,2.8674825616932194,DROWSY,100.0
2026-06-29T16:54:09.762256,0.30871797130086515,,2.817657857716363,DROWSY,100.0
2026-06-29T16:54:09.964378,0.3055320758809366,,2.842126294406889,DROWSY,100.0
2026-06-29T16:54:10.133970,0.30260092154136914,,2.7960263204660847,DROWSY,100.0
2026-06-29T16:54:10.297165,0.30120453052183727,,2.799976355238857,DROWSY,100.0
2026-06-29T16:54:10.463502,0.30060636043051947,,2.7412047793370427,DROWSY,100.0
2026-06-29T16:54:10.632172,0.30053216304658914,,2.8353323850023253,DROWSY,100.0
2026-06-29T16:54:10.838420,0.2962053286833653,,2.835443684097544,DROWSY,100.0
2026-06-29T16:54:11.012969,0.29293051421194294,,2.8602083036070183,DROWSY,100.0
2026-06-29T16:54:11.180293,0.2907334419841035,,2.7682984571877003,DROWSY,100.0
2026-06-29T16:54:11.848713,0.2898384779949566,,2.8251201184192447,DROWSY,100.0
2026-06-29T16:54:12.056053,0.29066999795708426,,2.808029401869937,DROWSY,100.0
2026-06-29T16:54:12.210840,0.29088882764682766,,2.8070335558126294,DROWSY,100.0
2026-06-29T16:54:12.390929,0.29215867078376345,,2.8150794427607257,DROWSY,100.0
2026-06-29T16:54:12.550369,0.2939077863043937,,2.8158561437783343,DROWSY,100.0
2026-06-29T16:54:12.715330,0.2955971328365342,,2.801818967316019,DROWSY,100.0
2026-06-29T16:54:12.918124,0.2964133148225092,,2.934962803354666,DROWSY,100.0
2026-06-29T16:54:13.084204,0.29718760117646287,,2.8633817283794345,DROWSY,100.0
2026-06-29T16:54:13.250478,0.2977993301271672,,2.847164250796924,DROWSY,100.0
2026-06-29T16:54:13.937307,0.29935337677357265,,2.847828933847377,DROWSY,100.0
2026-06-29T16:54:14.121032,0.3001513598801399,,2.834583168432722,DROWSY,100.0
2026-06-29T16:54:14.279672,0.30061768246301057,,2.8814301883598734,DROWSY,100.0
2026-06-29T16:54:14.442364,0.30199064981248747,,2.9376497421706196,DROWSY,100.0
2026-06-29T16:54:14.614272,0.30344287405317744,,2.8311433658286287,DROWSY,100.0
2026-06-29T16:54:14.772858,0.30430971760780046,,2.8376099849431027,DROWSY,100.0
2026-06-29T16:54:14.944054,0.3050266404751931,,2.8068929242191896,DROWSY,100.0
2026-06-29T16:54:15.116139,0.3057696502865851,,2.872061826253596,DROWSY,100.0
2026-06-29T16:54:15.288703,0.307357958797945,,2.8598154795774384,DROWSY,100.0
2026-06-29T16:54:15.952341,0.3102555831262813,,2.833590731224503,DROWSY,100.0
2026-06-29T16:54:16.141163,0.3126959016723341,,2.716410467792701,DROWSY,100.0
2026-06-29T16:54:16.399022,0.3118652911037635,,2.863537634916507,DROWSY,100.0
2026-06-29T16:54:16.577119,0.3166961699766564,,2.8866329778559514,DROWSY,100.0
2026-06-29T16:54:16.749668,0.32343816609517406,,2.9542986254260586,DROWSY,100.0
2026-06-29T16:54:16.932657,0.3294489128702347,,3.0455058583447867,DROWSY,100.0
2026-06-29T16:54:17.111560,0.3338691603141043,,2.8766168730792,DROWSY,100.0
2026-06-29T16:54:17.282205,0.33794783446851656,,2.7707688898269427,DROWSY,100.0
2026-06-29T16:54:17.972720,0.34204336401301066,,2.8550707444721746,DROWSY,100.0
2026-06-29T16:54:18.205658,0.34529642116442105,,2.8340759789208234,DROWSY,100.0
2026-06-29T16:54:18.360657,0.34787305653040923,,2.763212733817163,DROWSY,100.0
2026-06-29T16:54:18.519723,0.3490232240621833,,2.769565087103123,DROWSY,100.0
2026-06-29T16:54:18.685400,0.3499378957008383,,2.8262798230482162,DROWSY,100.0
2026-06-29T16:54:18.856989,0.35156033900940753,,2.8197662330408417,DROWSY,100.0
2026-06-29T16:54:19.033485,0.35282171166082105,,2.892545958044877,DROWSY,100.0
2026-06-29T16:54:19.241561,0.3537390837213049,,2.8066293038531915,DROWSY,100.0
2026-06-29T16:54:19.423327,0.3543604264953082,,2.8750088419376976,DROWSY,100.0
2026-06-29T16:54:20.155365,0.3539875229525472,,2.8887224616240608,DROWSY,100.0
2026-06-29T16:54:20.367832,0.35393372350008595,,2.755396796110222,DROWSY,100.0
2026-06-29T16:54:20.547757,0.35397929805952943,,2.824830540836547,DROWSY,100.0
2026-06-29T16:54:20.744678,0.3531671111873767,,2.8296076990279007,DROWSY,100.0
2026-06-29T16:54:20.940306,0.3531312272710382,,2.803331730597066,DROWSY,100.0
2026-06-29T16:54:21.106639,0.3531494206531145,,2.8329853679362054,DROWSY,100.0
2026-06-29T16:54:21.293178,0.3526717154577523,,2.8722420841070995,DROWSY,100.0
2026-06-29T16:54:21.490901,0.3482314817186575,,2.8354236497711955,DROWSY,100.0
2026-06-29T16:54:22.200729,0.3457054115315696,,2.8178481640825246,DROWSY,100.0
2026-06-29T16:54:22.418020,0.3436994080770845,,2.692175088161794,DROWSY,100.0
2026-06-29T16:54:22.600255,0.3422841283691709,,2.339435700940583,DROWSY,100.0
2026-06-29T16:54:22.792795,0.34153678310308355,,2.80290112974479,DROWSY,100.0
2026-06-29T16:54:22.973555,0.3408979950581997,,2.23963286771052,DROWSY,100.0
2026-06-29T16:54:23.157566,0.3392593148931414,,2.6991690559702852,DROWSY,100.0
2026-06-29T16:54:23.338243,0.3392866465575074,,2.782433813466103,DROWSY,100.0
2026-06-29T16:54:23.534246,0.3400733069957451,,2.680978861739098,DROWSY,100.0
2026-06-29T16:54:24.225295,0.3381714807230364,,1.3491159766970655,DROWSY,100.0
2026-06-29T16:54:24.424400,0.3349556449361636,,0.6498829758678518,DROWSY,100.0
2026-06-29T16:54:24.616137,0.3311522134358276,,0.6708997833260153,DROWSY,100.0
2026-06-29T16:54:24.799586,0.3263896321828097,,0.6424186744755063,DROWSY,100.0
2026-06-29T16:54:25.017540,0.32080317604100306,,0.6780005801326611,DROWSY,100.0
2026-06-29T16:54:25.194559,0.31408898623121334,,0.7052765562216945,DROWSY,100.0
2026-06-29T16:54:25.380877,0.3069398542033877,,1.0210959312342238,DROWSY,100.0
2026-06-29T16:54:25.574966,0.30100671176100835,,1.9093391144399994,DROWSY,100.0
2026-06-29T16:54:26.262770,0.29610241983196356,,2.79781429306247,DROWSY,100.0
2026-06-29T16:54:26.472853,0.2936695408875018,,2.821114553745932,DROWSY,100.0
2026-06-29T16:54:26.653745,0.2925619242479121,,2.778675772861818,DROWSY,100.0
2026-06-29T16:54:26.836826,0.29212789916649873,,2.7812488099685515,DROWSY,100.0
2026-06-29T16:54:27.041751,0.29249919346426784,,2.7813038672786474,DROWSY,100.0
2026-06-29T16:54:27.230590,0.2926052644415443,,2.7836272102624893,DROWSY,100.0
2026-06-29T16:54:27.452382,0.29256210163508845,,2.8160814300266637,DROWSY,100.0
2026-06-29T16:54:27.645063,0.2933991880738107,,2.8012944731485714,DROWSY,100.0
2026-06-29T16:54:28.329849,0.2958269039070147,,2.786373959402605,DROWSY,100.0
2026-06-29T16:54:28.515258,0.29552333955902466,,2.853972817766107,DROWSY,100.0
2026-06-29T16:54:28.702558,0.2926777231084485,,2.815822919769044,DROWSY,100.0
2026-06-29T16:54:28.937222,0.2905805760733582,,2.7931974710987455,DROWSY,100.0
2026-06-29T16:54:29.137230,0.28913379333546574,,3.258111502053998,DROWSY,100.0
2026-06-29T16:54:29.319578,0.2891064016914978,,2.869734549015666,DROWSY,100.0
2026-06-29T16:54:29.497573,0.2904924707096331,,2.929024903150604,DROWSY,100.0
2026-06-29T16:54:29.686008,0.29178166800633676,,3.0259885094029104,DROWSY,100.0
2026-06-29T16:54:30.378003,0.29417303585412596,,2.924608357650378,DROWSY,100.0
2026-06-29T16:54:30.600983,0.296444806684801,,2.9163160947752695,DROWSY,100.0
2026-06-29T16:54:30.821060,0.29896340864657095,,2.9991675775570124,DROWSY,100.0
2026-06-29T16:54:31.002661,0.30226928956947835,,2.977372354246174,DROWSY,100.0
2026-06-29T16:54:31.190706,0.30575112119919956,,2.9045662635878258,DROWSY,100.0
2026-06-29T16:54:31.376503,0.3086904509817807,,2.898979152601637,DROWSY,100.0
2026-06-29T16:54:31.567847,0.3111764003706327,,2.8371853376056415,DROWSY,100.0
2026-06-29T16:54:31.765781,0.313373567461943,,2.9165934064507453,DROWSY,100.0
2026-06-29T16:54:32.458976,0.3121776929752687,,2.817242498239758,DROWSY,100.0
2026-06-29T16:54:32.664492,0.31334409208284125,,2.8381825448043556,DROWSY,100.0
2026-06-29T16:54:32.852097,0.31199522844919114,,2.879074422878734,DROWSY,100.0
2026-06-29T16:54:33.036202,0.308519946425047,,2.8813165240768965,DROWSY,100.0
2026-06-29T16:54:33.218836,0.3041434723914131,,2.905798379651,DROWSY,100.0
2026-06-29T16:54:33.401855,0.29974058866458525,,2.8850663790644004,DROWSY,100.0
2026-06-29T16:54:33.633767,0.2966027044148368,,2.9066379634686155,DROWSY,100.0
2026-06-29T16:54:33.823921,0.29329700340471,,2.856519245501336,DROWSY,100.0
2026-06-29T16:54:34.518093,0.2898305505363714,,2.8975650178911665,DROWSY,100.0
2026-06-29T16:54:34.749808,0.2900378039065726,,2.889821190823459,DROWSY,100.0
2026-06-29T16:54:34.966766,0.293269875919127,,2.9242061830590362,DROWSY,100.0
2026-06-29T16:54:35.160049,0.2985975019697419,,2.8061848346147067,DROWSY,100.0
2026-06-29T16:54:35.357276,0.3047075275148083,,2.835894658273421,DROWSY,100.0
2026-06-29T16:54:35.562035,0.30948241259524023,,2.845000820070167,DROWSY,100.0
2026-06-29T16:54:35.747186,0.3124611039682252,,3.00887752711157,DROWSY,100.0
2026-06-29T16:54:35.939182,0.31244739360056534,,2.9985003688850527,DROWSY,100.0
2026-06-29T16:54:36.679682,0.31090195172775387,,2.925642044366347,DROWSY,100.0
2026-06-29T16:54:36.876122,0.3067683075554935,,2.9795965341139157,DROWSY,100.0
2026-06-29T16:54:37.089283,0.299907118298918,,3.0001711499134753,DROWSY,100.0
2026-06-29T16:54:37.286835,0.2938463944084366,,2.8437994246189384,DROWSY,100.0
2026-06-29T16:54:37.482127,0.289488006642015,,2.854476207928536,DROWSY,100.0
2026-06-29T16:54:37.670362,0.2891844909849699,,2.748200196610623,DROWSY,100.0
2026-06-29T16:54:37.854189,0.2921241028768329,,1.9177471356686369,DROWSY,100.0
2026-06-29T16:54:38.042947,0.2971968170185439,,2.683888350834177,DROWSY,100.0
2026-06-29T16:54:38.784954,0.30285713666802916,,2.8708377866764154,DROWSY,100.0
2026-06-29T16:54:39.000371,0.3077379754093575,,2.8740612124117377,DROWSY,100.0
2026-06-29T16:54:39.185385,0.3103908935740515,,2.8229280865079023,DROWSY,100.0
2026-06-29T16:54:39.424064,0.31461782067686644,,2.9441543957483494,DROWSY,100.0
2026-06-29T16:54:39.595576,0.3192759892284456,,2.8506043189181636,DROWSY,100.0
2026-06-29T16:54:39.790524,0.32280689553968267,,3.2038783806777316,DROWSY,100.0
2026-06-29T16:54:39.975373,0.32617220751799053,,2.8631647545743473,DROWSY,100.0
2026-06-29T16:54:40.154733,0.3304869741917942,,2.842611605738348,DROWSY,100.0
2026-06-29T16:54:40.901026,0.33483080021272654,,3.214122268958486,DROWSY,100.0
2026-06-29T16:54:41.102468,0.3387175252406393,,2.9395352124274674,DROWSY,100.0
2026-06-29T16:54:41.289614,0.3424910274274994,,3.0454527474292385,DROWSY,100.0
2026-06-29T16:54:41.522952,0.3464499617644605,,2.8197785153475876,DROWSY,100.0
2026-06-29T16:54:41.722188,0.35108945666845975,,2.8028970841419074,DROWSY,100.0
2026-06-29T16:54:41.903265,0.35519571872376154,,2.9848279430251115,DROWSY,100.0
2026-06-29T16:54:42.093098,0.35874244362009505,,2.846107159180815,DROWSY,100.0
2026-06-29T16:54:42.333943,0.360099013295943,,2.9651058423673096,DROWSY,100.0
2026-06-29T16:54:43.027673,0.36112130847961244,,3.4461541720888036,DROWSY,100.0
2026-06-29T16:54:43.251278,0.3630766919250437,,2.9258313543822783,DROWSY,100.0
2026-06-29T16:54:43.430623,0.36528975919805673,,3.548099256030212,DROWSY,100.0
2026-06-29T16:54:43.632085,0.36874305572580107,,3.397209303551987,DROWSY,100.0
2026-06-29T16:54:43.815380,0.37163640772577533,,3.358017507692027,DROWSY,100.0
2026-06-29T16:54:44.010555,0.37484299662933185,,3.13150011396521,DROWSY,100.0
2026-06-29T16:54:44.208367,0.37894630389253486,,3.010690382524708,DROWSY,100.0
2026-06-29T16:54:44.395519,0.38330373847343807,,2.9373858429718047,DROWSY,100.0
2026-06-29T16:54:45.082880,0.38698009667678845,,3.4368009674362505,DROWSY,100.0
2026-06-29T16:54:45.283637,0.39087371496477896,,2.906171586300428,DROWSY,100.0
2026-06-29T16:54:45.472585,0.39426676210613515,,3.226773886601231,DROWSY,100.0
2026-06-29T16:54:45.736033,0.397587841121757,,3.11694018444255,DROWSY,100.0
2026-06-29T16:54:45.928612,0.3997189185177354,,3.0112177284039676,DROWSY,100.0
2026-06-29T16:54:46.153733,0.40120686543045186,,3.0925944667588867,DROWSY,100.0
2026-06-29T16:54:46.360354,0.4023212082969554,,3.1047573803667228,DROWSY,100.0
2026-06-29T16:54:46.555012,0.402668771767083,,3.01887631457412,DROWSY,100.0
2026-06-29T16:54:47.243010,0.4036229609252771,,3.0012976277281602,DROWSY,100.0
2026-06-29T16:54:47.451561,0.40500479799452205,,3.041208481614654,DROWSY,100.0
2026-06-29T16:54:47.686886,0.4068881635185445,,3.0192067651327457,DROWSY,100.0
2026-06-29T16:54:47.874375,0.40900755560363855,,3.1265928953150244,DROWSY,100.0
2026-06-29T16:54:48.062877,0.41093442525723,,3.1017006573315364,DROWSY,100.0
2026-06-29T16:54:48.283983,0.4052982779091941,,3.030657673149624,DROWSY,100.0
2026-06-29T16:54:48.489457,0.4012460274835256,,3.0313150976455967,DROWSY,100.0
2026-06-29T16:54:48.669576,0.3988488979037755,,2.9389067916730904,DROWSY,100.0
2026-06-29T16:54:49.368044,0.39863271618061985,,2.981986071464705,DROWSY,100.0
2026-06-29T16:54:49.585365,0.3990043674781845,,2.812343031037308,DROWSY,100.0
2026-06-29T16:54:49.808329,0.40051989317195014,,2.76643183201894,DROWSY,100.0
2026-06-29T16:54:50.001381,0.4014938586668577,,2.7749536664100383,DROWSY,100.0
2026-06-29T16:54:50.187688,0.40257421855534264,,3.0262181186352297,DROWSY,100.0
2026-06-29T16:54:50.384303,0.4041674702373906,,2.849137602750414,DROWSY,100.0
2026-06-29T16:54:50.628301,0.405349040214905,,3.078044209632938,DROWSY,100.0
2026-06-29T16:54:50.818931,0.40542225669674287,,2.9062096274282427,DROWSY,100.0
2026-06-29T16:54:51.514835,0.4051838757463131,,2.8403085523722464,DROWSY,100.0
2026-06-29T16:54:51.744552,0.4045841455727536,,2.7728225168902245,DROWSY,100.0
2026-06-29T16:54:51.983645,0.40333290697561647,,2.6732635396424906,DROWSY,100.0
2026-06-29T16:54:52.183359,0.4016413084030346,,2.72879511649304,DROWSY,100.0
2026-06-29T16:54:52.374130,0.4007624085280748,,2.703194126499899,DROWSY,100.0
2026-06-29T16:54:52.593877,0.3999765011350468,,2.684816286571563,DROWSY,100.0
2026-06-29T16:54:52.785620,0.3936762895507031,,2.7926076198078738,DROWSY,100.0
2026-06-29T16:54:52.970824,0.3883039674645781,,2.743975820050363,DROWSY,100.0
2026-06-29T16:54:53.712200,0.3845732301022198,,2.699606123891463,DROWSY,100.0
2026-06-29T16:54:53.928169,0.38193962333990633,,2.6519849849426866,DROWSY,100.0
2026-06-29T16:54:54.115212,0.38070536454803305,,2.7259593386335106,DROWSY,100.0
2026-06-29T16:54:54.351019,0.3793261913539346,,2.600472932031473,DROWSY,100.0
2026-06-29T16:54:54.548939,0.37769823214041304,,2.6410324537738785,DROWSY,100.0
2026-06-29T16:54:54.745483,0.3766752621155982,,2.7162680954880023,DROWSY,100.0
2026-06-29T16:54:54.938348,0.37608429172239305,,2.72308910935851,DROWSY,100.0
2026-06-29T16:54:55.163140,0.3752191090289113,,2.874838256954862,DROWSY,100.0
2026-06-29T16:54:55.849875,0.37444398094589515,,2.6266431549007603,DROWSY,100.0
2026-06-29T16:54:56.079369,0.37390342748807953,,2.913236585420582,DROWSY,100.0
2026-06-29T16:54:56.301727,0.37404473381325204,,2.7593182869656436,DROWSY,100.0
2026-06-29T16:54:56.476608,0.37431541654957523,,2.744093198068833,DROWSY,100.0
2026-06-29T16:54:56.668400,0.3754683876990856,,2.6479089605129342,DROWSY,100.0
2026-06-29T16:54:56.892299,0.37598782507224976,,2.70679938843945,DROWSY,100.0
2026-06-29T16:54:57.089652,0.3752214580784754,,2.611498092454562,DROWSY,100.0
2026-06-29T16:54:57.290047,0.3754186955272683,,2.7991376402892167,DROWSY,100.0
2026-06-29T16:54:58.029781,0.375537247934118,,2.6477257744045986,DROWSY,100.0
2026-06-29T16:54:58.252116,0.37578705196511475,,2.626161592285182,DROWSY,100.0
2026-06-29T16:54:58.441275,0.37689152372218165,,2.650691279462883,DROWSY,100.0
2026-06-29T16:54:58.661089,0.37733499918262414,,2.665646734653784,DROWSY,100.0
2026-06-29T16:54:58.864595,0.3775919598895996,,2.6552442014223687,DROWSY,100.0
2026-06-29T16:54:59.054033,0.3779396380478229,,2.7063119258599015,DROWSY,100.0
2026-06-29T16:54:59.293306,0.3781164756438928,,2.754127063276825,DROWSY,100.0
2026-06-29T16:54:59.483496,0.37706577305130823,,2.7372487031231305,DROWSY,100.0
2026-06-29T16:55:00.167092,0.37597891498543395,,2.684533429309659,DROWSY,100.0
2026-06-29T16:55:00.401792,0.3753539208273507,,2.8047978340657846,DROWSY,100.0
2026-06-29T16:55:00.619237,0.37402184082721834,,2.6385537164452413,DROWSY,100.0
2026-06-29T16:55:00.819584,0.3735492656641528,,2.598965179137029,DROWSY,100.0
2026-06-29T16:55:01.055520,0.3740303285756712,,2.7665904857526646,DROWSY,100.0
2026-06-29T16:55:01.240416,0.3738145490061723,,2.6475382257739146,DROWSY,100.0
2026-06-29T16:55:01.452385,0.3736636763199109,,2.733974721236695,DROWSY,100.0
2026-06-29T16:55:02.179258,0.3739555568757723,,2.7212834672800295,DROWSY,100.0
2026-06-29T16:55:02.399052,0.3740716089293795,,2.6688116643403776,DROWSY,100.0
2026-06-29T16:55:02.613575,0.3741310893326202,,2.835411144305278,DROWSY,100.0
2026-06-29T16:55:02.825008,0.3750585931306102,,2.692703325295538,DROWSY,100.0
2026-06-29T16:55:03.051382,0.3755125878847896,,2.6752032215034607,DROWSY,100.0
2026-06-29T16:55:03.248679,0.37681179308395557,,2.643996093700612,DROWSY,100.0
2026-06-29T16:55:03.451039,0.3776232007842758,,2.631243786203424,DROWSY,100.0
2026-06-29T16:55:04.172090,0.37826272355883744,,2.579261554029294,DROWSY,100.0
2026-06-29T16:55:04.430842,0.37845524175934764,,2.7650928714022927,DROWSY,100.0
2026-06-29T16:55:04.643461,0.3788495130250042,,2.7364273978525833,DROWSY,100.0
2026-06-29T16:55:04.847036,0.378477757628721,,2.889135723157438,DROWSY,100.0
2026-06-29T16:55:05.072919,0.3779628063038519,,2.6932834696314263,DROWSY,100.0
2026-06-29T16:55:05.262417,0.37727497793332665,,2.7208453870005385,DROWSY,100.0
2026-06-29T16:55:05.482575,0.37664613336902497,,2.7530525220361115,DROWSY,100.0
2026-06-29T16:55:06.199044,0.3763665046008666,,2.6539689125224366,DROWSY,100.0
2026-06-29T16:55:06.412213,0.375784230543529,,2.944932454900238,DROWSY,100.0
2026-06-29T16:55:06.650566,0.3753954698240536,,2.6981364280768334,DROWSY,100.0
2026-06-29T16:55:06.849815,0.3751490737947851,,2.694650449105573,DROWSY,100.0
2026-06-29T16:55:07.118201,0.3748575173400202,,2.7338404041968425,DROWSY,100.0
2026-06-29T16:55:07.307195,0.3748580094337661,,2.7084113978139563,DROWSY,100.0
2026-06-29T16:55:07.550149,0.37363735032249346,,2.692464343038736,DROWSY,100.0
2026-06-29T16:55:08.254919,0.37210047397651896,,2.6917806806947486,DROWSY,100.0
2026-06-29T16:55:08.459458,0.3710732897409853,,2.7392896490789282,DROWSY,100.0
2026-06-29T16:55:08.695983,0.3696586549427714,,2.779174102905555,DROWSY,100.0
2026-06-29T16:55:08.898489,0.369100982565718,,2.7279326249520706,DROWSY,100.0
2026-06-29T16:55:09.113995,0.36943383259800766,,2.6238317731487277,DROWSY,100.0
2026-06-29T16:55:09.313649,0.3700973385472724,,2.7372659942592157,DROWSY,100.0
2026-06-29T16:55:09.566302,0.3706904898892866,,2.6621556894576455,DROWSY,100.0
2026-06-29T16:55:10.277898,0.37080060650811153,,2.5684962439089287,DROWSY,100.0
2026-06-29T16:55:10.493925,0.37109123414417483,,2.799341858333642,DROWSY,100.0
2026-06-29T16:55:10.723094,0.371657061934862,,2.635180950619993,DROWSY,100.0
2026-06-29T16:55:10.932707,0.3722368779373274,,2.5582429426098736,DROWSY,100.0
2026-06-29T16:55:11.129125,0.3730693257222423,,2.5930018603334015,DROWSY,100.0
2026-06-29T16:55:11.370782,0.3726613689333162,,2.8126379754791184,DROWSY,100.0
2026-06-29T16:55:11.576182,0.37218565781093343,,2.678307781749938,DROWSY,100.0
2026-06-29T16:55:12.345146,0.37170361675837,,2.759269871522591,DROWSY,100.0
2026-06-29T16:55:12.546792,0.37181127482892135,,2.7759504271163475,DROWSY,100.0
2026-06-29T16:55:12.786680,0.372852098295706,,2.7187742436606768,DROWSY,100.0
2026-06-29T16:55:12.974277,0.37427927682364365,,2.786775154370511,DROWSY,100.0
2026-06-29T16:55:13.190498,0.37490571345055806,,2.7086361503099097,DROWSY,100.0
2026-06-29T16:55:13.398479,0.3746997750667743,,2.840806803014479,DROWSY,100.0
2026-06-29T16:55:13.655302,0.3741451384743819,,2.7016239615758284,DROWSY,100.0
2026-06-29T16:55:14.356850,0.3740814198892357,,2.7504746998976684,DROWSY,100.0
2026-06-29T16:55:14.612343,0.3748524115008411,,2.794731341909237,DROWSY,100.0
2026-06-29T16:55:14.840738,0.3755151309534313,,2.610445941565095,DROWSY,100.0
2026-06-29T16:55:15.051632,0.3762707593071019,,2.6427391976437637,DROWSY,100.0
2026-06-29T16:55:15.300308,0.37652875777478184,,2.7911772944452835,DROWSY,100.0
2026-06-29T16:55:15.517263,0.37609577212836226,,2.7320709687679057,DROWSY,100.0
2026-06-29T16:55:15.738794,0.3754231734860506,,2.835680333114942,DROWSY,100.0
2026-06-29T16:55:16.465545,0.3750991328579972,,2.676131908697437,DROWSY,100.0
2026-06-29T16:55:16.685790,0.37472159656066123,,2.739923327712696,DROWSY,100.0
2026-06-29T16:55:16.907935,0.37440788273793424,,2.703973369121166,DROWSY,100.0
2026-06-29T16:55:17.126580,0.37386503353216605,,2.796319662496163,DROWSY,100.0
2026-06-29T16:55:17.343001,0.3743243216044703,,2.7530166755820114,DROWSY,100.0
2026-06-29T16:55:17.557673,0.37451642963078363,,2.7445676758524495,DROWSY,100.0
2026-06-29T16:55:17.737467,0.3755658959525089,,2.7978143912694353,DROWSY,100.0
2026-06-29T16:55:18.487927,0.37638762492275046,,2.7518465293344523,DROWSY,100.0
2026-06-29T16:55:18.721881,0.3769118732953454,,2.749114746742334,DROWSY,100.0
2026-06-29T16:55:18.928798,0.37679065917908955,,2.856953559390279,DROWSY,100.0
2026-06-29T16:55:19.154001,0.3764200892273265,,2.7429804383058567,DROWSY,100.0
2026-06-29T16:55:19.377519,0.37648232305438956,,2.7113406983582804,DROWSY,100.0
2026-06-29T16:55:19.584155,0.3761110774694719,,2.732817190382988,DROWSY,100.0
2026-06-29T16:55:19.820326,0.37616824582140246,,2.684913212407802,DROWSY,100.0
2026-06-29T16:55:20.520802,0.37723752314816117,,2.7466224444506864,DROWSY,100.0
2026-06-29T16:55:20.774884,0.3780555397332756,,2.893357284936961,DROWSY,100.0
2026-06-29T16:55:20.970622,0.3789251758455964,,2.8237972431665312,DROWSY,100.0
2026-06-29T16:55:21.214693,0.37905407281659,,2.8870972056152993,DROWSY,100.0
2026-06-29T16:55:21.472466,0.37855994556031053,,3.0132744723378693,DROWSY,100.0
2026-06-29T16:55:21.752390,0.37762982796895783,,2.7572570897723887,DROWSY,100.0
2026-06-29T16:55:21.936971,0.3765774064609633,,2.742988859328961,DROWSY,100.0
2026-06-29T16:55:22.701031,0.375985403542571,,2.762943236865182,DROWSY,100.0
2026-06-29T16:55:22.951700,0.3763597443212828,,2.7274908121238437,DROWSY,100.0
2026-06-29T16:55:23.136646,0.3772715455030576,,2.982633520028788,DROWSY,100.0
2026-06-29T16:55:23.339086,0.37803732133893003,,2.6898473613794174,DROWSY,100.0
2026-06-29T16:55:23.548559,0.3783196019775161,,2.67622734164127,DROWSY,100.0
2026-06-29T16:55:23.723517,0.3784700047560841,,2.602608728643964,DROWSY,100.0
2026-06-29T16:55:23.939469,0.37371326543431344,,2.621196618772192,DROWSY,100.0
2026-06-29T16:55:24.152475,0.37040161384689374,,2.739312214030613,DROWSY,100.0
2026-06-29T16:55:24.892963,0.3699802777434949,,2.7661534452608514,DROWSY,100.0
2026-06-29T16:55:25.247089,0.37074050427357275,,2.709180490465878,DROWSY,100.0
2026-06-29T16:55:25.503331,0.37159502924078175,,2.7720557337428846,DROWSY,100.0
2026-06-29T16:55:25.748969,0.37240669612908195,,2.663841087423528,DROWSY,100.0
2026-06-29T16:55:25.967170,0.37300689136072096,,2.7643081129280214,DROWSY,100.0
2026-06-29T16:55:26.218694,0.3744052210610244,,2.778593688039635,DROWSY,100.0
2026-06-29T16:55:26.946128,0.375762960334394,,2.722730086966367,DROWSY,100.0
2026-06-29T16:55:27.143714,0.37726388192681726,,2.7526364190709374,DROWSY,100.0
2026-06-29T16:55:27.325172,0.37118401431718806,,2.7502060379493476,DROWSY,100.0
2026-06-29T16:55:27.499896,0.3648809043901534,,2.771265166630932,DROWSY,100.0
2026-06-29T16:55:27.885877,0.3604501788809122,,2.8075079354400536,DROWSY,100.0
2026-06-29T16:55:28.152482,0.3576523004200817,,2.673423140695877,DROWSY,100.0
2026-06-29T16:55:29.386908,0.3570151969931339,,2.7475690825821064,DROWSY,100.0
2026-06-29T16:55:29.597409,0.35776705434493467,,2.6863535828094247,DROWSY,100.0
2026-06-29T16:55:29.787388,0.3599318255727965,,2.7521724253340136,DROWSY,100.0
2026-06-29T16:55:29.977588,0.3623346419739907,,2.7434143377732214,DROWSY,100.0
2026-06-29T16:55:30.183718,0.36494772230330275,,2.6697472270165123,DROWSY,100.0
2026-06-29T16:55:30.428849,0.36701541534523446,,2.706565889977897,DROWSY,100.0
2026-06-29T16:55:30.652755,0.3684489195813201,,2.7956427538284068,DROWSY,100.0
2026-06-29T16:55:30.863325,0.3698500844117927,,2.738381754534967,DROWSY,100.0
2026-06-29T16:55:31.576323,0.3708672283507145,,2.7191847667939846,DROWSY,100.0
2026-06-29T16:55:31.811894,0.37154401712976254,,2.6886477689716757,DROWSY,100.0
2026-06-29T16:55:32.006199,0.3727208523032727,,2.7487927884820325,DROWSY,100.0
2026-06-29T16:55:32.208420,0.3736197108107611,,2.7222997024207287,DROWSY,100.0
2026-06-29T16:55:32.422484,0.3741322244639499,,2.736041376110913,DROWSY,100.0
2026-06-29T16:55:32.610363,0.37494977528541373,,2.733417836754747,DROWSY,100.0
2026-06-29T16:55:32.801319,0.37547776610313593,,2.739503295990178,DROWSY,100.0
2026-06-29T16:55:33.005445,0.3755220612483045,,2.7841818700878385,DROWSY,100.0
2026-06-29T16:55:33.729558,0.3740786634677387,,2.7519592188559256,DROWSY,100.0
2026-06-29T16:55:33.952943,0.37463107493778797,,2.6539439193289147,DROWSY,100.0
2026-06-29T16:55:34.187253,0.3766014164828198,,2.686927825159138,DROWSY,100.0
2026-06-29T16:55:34.395773,0.3734961351149141,,2.6970416067665233,DROWSY,100.0
2026-06-29T16:55:34.587962,0.3711405899704507,,2.648440492337161,DROWSY,100.0
2026-06-29T16:55:34.899474,0.37091292664498926,,2.723279126731548,DROWSY,100.0
2026-06-29T16:55:35.168033,0.37242281150384304,,2.660343422978082,DROWSY,100.0
2026-06-29T16:55:35.932139,0.3754883106837078,,2.740957356808558,DROWSY,100.0
2026-06-29T16:55:36.214177,0.3760262256398366,,2.8897435789247488,DROWSY,100.0
2026-06-29T16:55:36.631952,0.37820372963763044,,2.7657035215486077,DROWSY,100.0
2026-06-29T16:55:36.922180,0.3804115857952552,,2.8155546296611056,DROWSY,100.0
2026-06-29T16:55:37.188349,0.38294098144636013,,2.769860999871266,DROWSY,100.0
2026-06-29T16:55:37.952372,0.3857142853493763,,2.837719366438999,DROWSY,100.0
2026-06-29T16:55:38.230127,0.38635852517016117,,2.8166340227665247,DROWSY,100.0
2026-06-29T16:55:38.490580,0.3866267373475668,,2.772468121238993,DROWSY,100.0
2026-06-29T16:55:38.758961,0.38477917600601147,,2.8287034033920215,DROWSY,100.0
2026-06-29T16:55:39.089051,0.38021202205327903,,2.693171463071408,DROWSY,100.0
2026-06-29T16:55:39.353242,0.37528651183664,,2.778153582643895,DROWSY,100.0
2026-06-29T16:55:40.103937,0.37046240798862273,,2.7160113929875234,DROWSY,100.0
2026-06-29T16:55:40.314093,0.3663672814587322,,2.778538870277908,DROWSY,100.0
2026-06-29T16:55:40.496344,0.3637651089605248,,2.7180919155551497,DROWSY,100.0
2026-06-29T16:55:40.654891,0.3610881926332937,,2.797781223955175,DROWSY,100.0
2026-06-29T16:55:40.845139,0.35868649841227557,,2.6519517404918758,DROWSY,100.0
2026-06-29T16:55:41.017084,0.35704436978310183,,2.6453284411427305,DROWSY,100.0
2026-06-29T16:55:41.181143,0.35649940224412907,,2.7994867783799813,DROWSY,100.0
2026-06-29T16:55:41.342603,0.3574219948826735,,2.7742235668629776,DROWSY,100.0
2026-06-29T16:55:41.499448,0.3591685945507118,,2.725678008425913,DROWSY,100.0
2026-06-29T16:55:42.159153,0.3615776145057842,,2.8176831512224476,DROWSY,100.0
2026-06-29T16:55:42.358563,0.36488208505216285,,2.8194930355871985,DROWSY,100.0
2026-06-29T16:55:42.520433,0.3684542837997108,,2.7330494740860445,DROWSY,100.0
2026-06-29T16:55:42.680609,0.37187290440703613,,2.788888094428751,DROWSY,100.0
2026-06-29T16:55:42.837942,0.37507824538664875,,2.799108489691718,DROWSY,100.0
2026-06-29T16:55:42.998232,0.3788668443275656,,2.834121713687667,DROWSY,100.0
2026-06-29T16:55:43.164421,0.3825069122470752,,2.849694370960042,DROWSY,100.0
2026-06-29T16:55:43.331062,0.38590194283338025,,2.843800412861299,DROWSY,100.0
2026-06-29T16:55:43.496556,0.38887074321366105,,2.8295350057127515,DROWSY,100.0
2026-06-29T16:55:44.174687,0.3920552379032878,,2.85717096502497,DROWSY,100.0
2026-06-29T16:55:44.374463,0.39516344669782016,,2.8394562870945688,DROWSY,100.0
2026-06-29T16:55:44.533522,0.3981796999157612,,2.7809208484300303,DROWSY,100.0
2026-06-29T16:55:44.695267,0.40089705240102386,,2.778216903344358,DROWSY,100.0
2026-06-29T16:55:44.855082,0.40314474361966074,,2.8120716515079405,DROWSY,100.0
2026-06-29T16:55:45.023184,0.4054757597402114,,2.8500563864844266,DROWSY,100.0
2026-06-29T16:55:45.182638,0.4013730028447704,,2.742314132513348,DROWSY,100.0
2026-06-29T16:55:45.349834,0.39792912255154256,,2.7919853609060983,DROWSY,100.0
2026-06-29T16:55:45.505579,0.3956589825902436,,2.784644605545664,DROWSY,100.0
2026-06-29T16:55:45.662189,0.39502692318349397,,2.7897588106527547,DROWSY,100.0
